Filename,Intersection Found,,,,,,,,
Sample_Capstone_Output_Data_1.txt,0,,,,,,,,
Sample_Capstone_Output_Data_2.txt,0,,,,,,,,
Sample_Capstone_Output_Data_3.txt,0,,,,,,,,
Sample_Capstone_Output_Data_4.txt,0,,,,,,,,
Sample_Capstone_Output_Data_5.txt,0,,,,,,,,
Sample_Capstone_Output_Data_6.txt,0,,,,,,,,
Sample_Capstone_Output_Data_7.txt,0,,,,,,,,
Sample_Capstone_Output_Data_8.txt,0,,,,,,,,
Sample_Capstone_Output_Data_9.txt,0,,,,,,,,
Sample_Capstone_Output_Data_10.txt,0,,,,,,,,
Sample_Capstone_Output_Data_11.txt,0,,,,,,,,
Sample_Capstone_Output_Data_12.txt,0,,,,,,,,
Sample_Capstone_Output_Data_13.txt,0,,,,,,,,
Sample_Capstone_Output_Data_14.txt,0,,,,,,,,
Sample_Capstone_Output_Data_15.txt,0,,,,,,,,
Sample_Capstone_Output_Data_16.txt,0,,,,,,,,
Sample_Capstone_Output_Data_17.txt,0,,,,,,,,
Sample_Capstone_Output_Data_18.txt,0,,,,,,,,
Sample_Capstone_Output_Data_19.txt,0,,,,,,,,
Sample_Capstone_Output_Data_20.txt,0,,,,,,,,
Sample_Capstone_Output_Data_21.txt,0,,,,,,,,
Sample_Capstone_Output_Data_22.txt,0,,,,,,,,
Sample_Capstone_Output_Data_23.txt,0,,,,,,,,
Sample_Capstone_Output_Data_24.txt,0,,,,,,,,
Sample_Capstone_Output_Data_25.txt,0,,,,,,,,
Sample_Capstone_Output_Data_26.txt,0,,,,,,,,
Sample_Capstone_Output_Data_27.txt,0,,,,,,,,
Sample_Capstone_Output_Data_28.txt,0,,,,,,,,
Sample_Capstone_Output_Data_29.txt,0,,,,,,,,
Sample_Capstone_Output_Data_30.txt,0,,,,,,,,
Sample_Capstone_Output_Data_31.txt,0,,,,,,,,
Sample_Capstone_Output_Data_32.txt,0,,,,,,,,
Sample_Capstone_Output_Data_33.txt,0,,,,,,,,
Sample_Capstone_Output_Data_34.txt,0,,,,,,,,
Sample_Capstone_Output_Data_35.txt,0,,,,,,,,
Sample_Capstone_Output_Data_36.txt,0,,,,,,,,
Sample_Capstone_Output_Data_37.txt,0,,,,,,,,
Sample_Capstone_Output_Data_38.txt,0,,,,,,,,
Sample_Capstone_Output_Data_39.txt,0,,,,,,,,
Sample_Capstone_Output_Data_40.txt,0,,,,,,,,
Sample_Capstone_Output_Data_41.txt,0,,,,,,,,
Sample_Capstone_Output_Data_42.txt,0,,,,,,,,
Sample_Capstone_Output_Data_43.txt,0,,,,,,,,
Sample_Capstone_Output_Data_44.txt,0,,,,,,,,
Sample_Capstone_Output_Data_45.txt,0,,,,,,,,
Sample_Capstone_Output_Data_46.txt,0,,,,,,,,
Sample_Capstone_Output_Data_47.txt,0,,,,,,,,
Sample_Capstone_Output_Data_48.txt,0,,,,,,,,
Sample_Capstone_Output_Data_49.txt,0,,,,,,,,
Sample_Capstone_Output_Data_50.txt,0,,,,,,,,
Sample_Capstone_Output_Data_51.txt,0,,,,,,,,
Sample_Capstone_Output_Data_52.txt,0,,,,,,,,
Sample_Capstone_Output_Data_53.txt,0,,,,,,,,
Sample_Capstone_Output_Data_54.txt,0,,,,,,,,
Sample_Capstone_Output_Data_55.txt,0,,,,,,,,
Sample_Capstone_Output_Data_56.txt,0,,,,,,,,
Sample_Capstone_Output_Data_57.txt,0,,,,,,,,
Sample_Capstone_Output_Data_58.txt,0,,,,,,,,
Sample_Capstone_Output_Data_59.txt,0,,,,,,,,
Sample_Capstone_Output_Data_60.txt,0,,,,,,,,
Sample_Capstone_Output_Data_61.txt,0,,,,,,,,
Sample_Capstone_Output_Data_62.txt,0,,,,,,,,
Sample_Capstone_Output_Data_63.txt,0,,,,,,,,
Sample_Capstone_Output_Data_64.txt,0,,,,,,,,
Sample_Capstone_Output_Data_65.txt,0,,,,,,,,
Sample_Capstone_Output_Data_66.txt,0,,,,,,,,
Sample_Capstone_Output_Data_67.txt,0,,,,,,,,
Sample_Capstone_Output_Data_68.txt,0,,,,,,,,
Sample_Capstone_Output_Data_69.txt,0,,,,,,,,
Sample_Capstone_Output_Data_70.txt,0,,,,,,,,
Sample_Capstone_Output_Data_71.txt,0,,,,,,,,
Sample_Capstone_Output_Data_72.txt,0,,,,,,,,
Sample_Capstone_Output_Data_73.txt,0,,,,,,,,
Sample_Capstone_Output_Data_74.txt,0,,,,,,,,
Sample_Capstone_Output_Data_75.txt,0,,,,,,,,
Sample_Capstone_Output_Data_76.txt,0,,,,,,,,
Sample_Capstone_Output_Data_77.txt,0,,,,,,,,
Sample_Capstone_Output_Data_78.txt,0,,,,,,,,
Sample_Capstone_Output_Data_79.txt,0,,,,,,,,
Sample_Capstone_Output_Data_80.txt,0,,,,,,,,
Sample_Capstone_Output_Data_81.txt,0,,,,,,,,
Sample_Capstone_Output_Data_82.txt,0,,,,,,,,
Sample_Capstone_Output_Data_83.txt,0,,,,,,,,
Sample_Capstone_Output_Data_84.txt,0,,,,,,,,
Sample_Capstone_Output_Data_85.txt,0,,,,,,,,
Sample_Capstone_Output_Data_86.txt,0,,,,,,,,
Sample_Capstone_Output_Data_87.txt,0,,,,,,,,
Sample_Capstone_Output_Data_88.txt,0,,,,,,,,
Sample_Capstone_Output_Data_89.txt,0,,,,,,,,
Sample_Capstone_Output_Data_90.txt,0,,,,,,,,
Sample_Capstone_Output_Data_91.txt,0,,,,,,,,
Sample_Capstone_Output_Data_92.txt,0,,,,,,,,
Sample_Capstone_Output_Data_93.txt,0,,,,,,,,
Sample_Capstone_Output_Data_94.txt,0,,,,,,,,
Sample_Capstone_Output_Data_95.txt,0,,,,,,,,
Sample_Capstone_Output_Data_96.txt,0,,,,,,,,
Sample_Capstone_Output_Data_97.txt,0,,,,,,,,
Sample_Capstone_Output_Data_98.txt,0,,,,,,,,
Sample_Capstone_Output_Data_99.txt,0,,,,,,,,
Sample_Capstone_Output_Data_100.txt,0,,,,,,,,
Sample_Capstone_Output_Data_101.txt,0,,,,,,,,
Sample_Capstone_Output_Data_102.txt,0,,,,,,,,
Sample_Capstone_Output_Data_103.txt,0,,,,,,,,
Sample_Capstone_Output_Data_104.txt,0,,,,,,,,
Sample_Capstone_Output_Data_105.txt,0,,,,,,,,
Sample_Capstone_Output_Data_106.txt,0,,,,,,,,
Sample_Capstone_Output_Data_107.txt,0,,,,,,,,
Sample_Capstone_Output_Data_108.txt,0,,,,,,,,
Sample_Capstone_Output_Data_109.txt,0,,,,,,,,
Sample_Capstone_Output_Data_110.txt,0,,,,,,,,
Sample_Capstone_Output_Data_111.txt,0,,,,,,,,
Sample_Capstone_Output_Data_112.txt,0,,,,,,,,
Sample_Capstone_Output_Data_113.txt,0,,,,,,,,
Sample_Capstone_Output_Data_114.txt,0,,,,,,,,
Sample_Capstone_Output_Data_115.txt,0,,,,,,,,
Sample_Capstone_Output_Data_116.txt,0,,,,,,,,
Sample_Capstone_Output_Data_117.txt,0,,,,,,,,
Sample_Capstone_Output_Data_118.txt,0,,,,,,,,
Sample_Capstone_Output_Data_119.txt,0,,,,,,,,
Sample_Capstone_Output_Data_120.txt,0,,,,,,,,
Sample_Capstone_Output_Data_121.txt,0,,,,,,,,
Sample_Capstone_Output_Data_122.txt,0,,,,,,,,
Sample_Capstone_Output_Data_123.txt,0,,,,,,,,
Sample_Capstone_Output_Data_124.txt,0,,,,,,,,
Sample_Capstone_Output_Data_125.txt,0,,,,,,,,
Sample_Capstone_Output_Data_126.txt,0,,,,,,,,
Sample_Capstone_Output_Data_127.txt,0,,,,,,,,
Sample_Capstone_Output_Data_128.txt,0,,,,,,,,
Sample_Capstone_Output_Data_129.txt,0,,,,,,,,
Sample_Capstone_Output_Data_130.txt,0,,,,,,,,
Sample_Capstone_Output_Data_131.txt,0,,,,,,,,
Sample_Capstone_Output_Data_132.txt,0,,,,,,,,
Sample_Capstone_Output_Data_133.txt,0,,,,,,,,
Sample_Capstone_Output_Data_134.txt,0,,,,,,,,
Sample_Capstone_Output_Data_135.txt,0,,,,,,,,
Sample_Capstone_Output_Data_136.txt,0,,,,,,,,
Sample_Capstone_Output_Data_137.txt,0,,,,,,,,
Sample_Capstone_Output_Data_138.txt,0,,,,,,,,
Sample_Capstone_Output_Data_139.txt,0,,,,,,,,
Sample_Capstone_Output_Data_140.txt,0,,,,,,,,
Sample_Capstone_Output_Data_141.txt,0,,,,,,,,
Sample_Capstone_Output_Data_142.txt,0,,,,,,,,
Sample_Capstone_Output_Data_143.txt,0,,,,,,,,
Sample_Capstone_Output_Data_144.txt,0,,,,,,,,
Sample_Capstone_Output_Data_145.txt,0,,,,,,,,
Sample_Capstone_Output_Data_146.txt,0,,,,,,,,
Sample_Capstone_Output_Data_147.txt,0,,,,,,,,
Sample_Capstone_Output_Data_148.txt,0,,,,,,,,
Sample_Capstone_Output_Data_149.txt,0,,,,,,,,
Sample_Capstone_Output_Data_150.txt,0,,,,,,,,
Sample_Capstone_Output_Data_151.txt,0,,,,,,,,
Sample_Capstone_Output_Data_152.txt,0,,,,,,,,
Sample_Capstone_Output_Data_153.txt,0,,,,,,,,
Sample_Capstone_Output_Data_154.txt,0,,,,,,,,
Sample_Capstone_Output_Data_155.txt,0,,,,,,,,
Sample_Capstone_Output_Data_156.txt,0,,,,,,,,
Sample_Capstone_Output_Data_157.txt,0,,,,,,,,
Sample_Capstone_Output_Data_158.txt,0,,,,,,,,
Sample_Capstone_Output_Data_159.txt,0,,,,,,,,
Sample_Capstone_Output_Data_160.txt,0,,,,,,,,
Sample_Capstone_Output_Data_161.txt,0,,,,,,,,
Sample_Capstone_Output_Data_162.txt,0,,,,,,,,
Sample_Capstone_Output_Data_163.txt,0,,,,,,,,
Sample_Capstone_Output_Data_164.txt,0,,,,,,,,
Sample_Capstone_Output_Data_165.txt,0,,,,,,,,
Sample_Capstone_Output_Data_166.txt,0,,,,,,,,
Sample_Capstone_Output_Data_167.txt,0,,,,,,,,
Sample_Capstone_Output_Data_168.txt,0,,,,,,,,
Sample_Capstone_Output_Data_169.txt,0,,,,,,,,
Sample_Capstone_Output_Data_170.txt,0,,,,,,,,
Sample_Capstone_Output_Data_171.txt,1,,,,,,,,
Sample_Capstone_Output_Data_172.txt,1,,,,,,,,
Sample_Capstone_Output_Data_173.txt,0,,,,,,,,
Sample_Capstone_Output_Data_174.txt,0,,,,,,,,
Sample_Capstone_Output_Data_175.txt,1,,,,,,,,
Sample_Capstone_Output_Data_176.txt,1,,,,,,,,
Sample_Capstone_Output_Data_177.txt,0,,,,,,,,
Sample_Capstone_Output_Data_178.txt,0,,,,,,,,
Sample_Capstone_Output_Data_179.txt,1,,,,,,,,
Sample_Capstone_Output_Data_180.txt,1,,,,,,,,
Sample_Capstone_Output_Data_181.txt,0,,,,,,,,
Sample_Capstone_Output_Data_182.txt,0,,,,,,,,
Sample_Capstone_Output_Data_183.txt,1,,,,,,,,
Sample_Capstone_Output_Data_184.txt,1,,,,,,,,
Sample_Capstone_Output_Data_185.txt,0,,,,,,,,
Sample_Capstone_Output_Data_186.txt,0,,,,,,,,
Sample_Capstone_Output_Data_187.txt,1,,,,,,,,
Sample_Capstone_Output_Data_188.txt,1,,,,,,,,
Sample_Capstone_Output_Data_189.txt,0,,,,,,,,
Sample_Capstone_Output_Data_190.txt,0,,,,,,,,
Sample_Capstone_Output_Data_191.txt,1,,,,,,,,
Sample_Capstone_Output_Data_192.txt,1,,,,,,,,
Sample_Capstone_Output_Data_193.txt,1,,,,,,,,
Sample_Capstone_Output_Data_194.txt,0,,,,,,,,
Sample_Capstone_Output_Data_195.txt,1,,,,,,,,
Sample_Capstone_Output_Data_196.txt,1,,,,,,,,
Sample_Capstone_Output_Data_197.txt,0,,,,,,,,
Sample_Capstone_Output_Data_198.txt,0,,,,,,,,
Sample_Capstone_Output_Data_199.txt,1,,,,,,,,
Sample_Capstone_Output_Data_200.txt,1,,,,,,,,
Sample_Capstone_Output_Data_201.txt,0,,,,,,,,
Sample_Capstone_Output_Data_202.txt,0,,,,,,,,
Sample_Capstone_Output_Data_203.txt,1,,,,,,,,
Sample_Capstone_Output_Data_204.txt,1,,,,,,,,
Sample_Capstone_Output_Data_205.txt,0,,,,,,,,
Sample_Capstone_Output_Data_206.txt,0,,,,,,,,
Sample_Capstone_Output_Data_207.txt,1,,,,,,,,
Sample_Capstone_Output_Data_208.txt,1,,,,,,,,
Sample_Capstone_Output_Data_209.txt,0,,,,,,,,
Sample_Capstone_Output_Data_210.txt,0,,,,,,,,
Sample_Capstone_Output_Data_211.txt,1,,,,,,,,
Sample_Capstone_Output_Data_212.txt,1,,,,,,,,
Sample_Capstone_Output_Data_213.txt,0,,,,,,,,
Sample_Capstone_Output_Data_214.txt,0,,,,,,,,
Sample_Capstone_Output_Data_215.txt,1,,,,,,,,
Sample_Capstone_Output_Data_216.txt,1,,,,,,,,
Sample_Capstone_Output_Data_217.txt,0,,,,,,,,
Sample_Capstone_Output_Data_218.txt,0,,,,,,,,
Sample_Capstone_Output_Data_219.txt,1,,,,,,,,
Sample_Capstone_Output_Data_220.txt,1,,,,,,,,
Sample_Capstone_Output_Data_221.txt,1,,,,,,,,
Sample_Capstone_Output_Data_222.txt,0,,,,,,,,
Sample_Capstone_Output_Data_223.txt,1,,,,,,,,
Sample_Capstone_Output_Data_224.txt,1,,,,,,,,
Sample_Capstone_Output_Data_225.txt,0,,,,,,,,
Sample_Capstone_Output_Data_226.txt,0,,,,,,,,
Sample_Capstone_Output_Data_227.txt,1,,,,,,,,
Sample_Capstone_Output_Data_228.txt,1,,,,,,,,
Sample_Capstone_Output_Data_229.txt,0,,,,,,,,
Sample_Capstone_Output_Data_230.txt,0,,,,,,,,
Sample_Capstone_Output_Data_231.txt,1,,,,,,,,
Sample_Capstone_Output_Data_232.txt,1,,,,,,,,
Sample_Capstone_Output_Data_233.txt,0,,,,,,,,
Sample_Capstone_Output_Data_234.txt,0,,,,,,,,
Sample_Capstone_Output_Data_235.txt,1,,,,,,,,
Sample_Capstone_Output_Data_236.txt,1,,,,,,,,
Sample_Capstone_Output_Data_237.txt,0,,,,,,,,
Sample_Capstone_Output_Data_238.txt,0,,,,,,,,
Sample_Capstone_Output_Data_239.txt,1,,,,,,,,
Sample_Capstone_Output_Data_240.txt,1,,,,,,,,
Sample_Capstone_Output_Data_241.txt,0,,,,,,,,
Sample_Capstone_Output_Data_242.txt,0,,,,,,,,
Sample_Capstone_Output_Data_243.txt,1,,,,,,,,
Sample_Capstone_Output_Data_244.txt,1,,,,,,,,
Sample_Capstone_Output_Data_245.txt,0,,,,,,,,
Sample_Capstone_Output_Data_246.txt,0,,,,,,,,
Sample_Capstone_Output_Data_247.txt,1,,,,,,,,
Sample_Capstone_Output_Data_248.txt,1,,,,,,,,
Sample_Capstone_Output_Data_249.txt,1,,,,,,,,
Sample_Capstone_Output_Data_250.txt,0,,,,,,,,
Sample_Capstone_Output_Data_251.txt,1,,,,,,,,
Sample_Capstone_Output_Data_252.txt,1,,,,,,,,
Sample_Capstone_Output_Data_253.txt,0,,,,,,,,
Sample_Capstone_Output_Data_254.txt,0,,,,,,,,
Sample_Capstone_Output_Data_255.txt,1,,,,,,,,
Sample_Capstone_Output_Data_256.txt,1,,,,,,,,
Sample_Capstone_Output_Data_257.txt,0,,,,,,,,
Sample_Capstone_Output_Data_258.txt,0,,,,,,,,
Sample_Capstone_Output_Data_259.txt,1,,,,,,,,
Sample_Capstone_Output_Data_260.txt,1,,,,,,,,
Sample_Capstone_Output_Data_261.txt,0,,,,,,,,
Sample_Capstone_Output_Data_262.txt,0,,,,,,,,
Sample_Capstone_Output_Data_263.txt,1,,,,,,,,
Sample_Capstone_Output_Data_264.txt,1,,,,,,,,
Sample_Capstone_Output_Data_265.txt,0,,,,,,,,
Sample_Capstone_Output_Data_266.txt,0,,,,,,,,
Sample_Capstone_Output_Data_267.txt,1,,,,,,,,
Sample_Capstone_Output_Data_268.txt,1,,,,,,,,
Sample_Capstone_Output_Data_269.txt,0,,,,,,,,
Sample_Capstone_Output_Data_270.txt,0,,,,,,,,
Sample_Capstone_Output_Data_271.txt,1,,,,,,,,
Sample_Capstone_Output_Data_272.txt,1,,,,,,,,
Sample_Capstone_Output_Data_273.txt,0,,,,,,,,
Sample_Capstone_Output_Data_274.txt,0,,,,,,,,
Sample_Capstone_Output_Data_275.txt,1,,,,,,,,
Sample_Capstone_Output_Data_276.txt,1,,,,,,,,
Sample_Capstone_Output_Data_277.txt,0,,,,,,,,
Sample_Capstone_Output_Data_278.txt,0,,,,,,,,
Sample_Capstone_Output_Data_279.txt,1,,,,,,,,
Sample_Capstone_Output_Data_280.txt,1,,,,,,,,
Sample_Capstone_Output_Data_281.txt,0,,,,,,,,
Sample_Capstone_Output_Data_282.txt,0,,,,,,,,
Sample_Capstone_Output_Data_283.txt,1,,,,,,,,
Sample_Capstone_Output_Data_284.txt,1,,,,,,,,
Sample_Capstone_Output_Data_285.txt,0,,,,,,,,
Sample_Capstone_Output_Data_286.txt,0,,,,,,,,
Sample_Capstone_Output_Data_287.txt,1,,,,,,,,
Sample_Capstone_Output_Data_288.txt,1,,,,,,,,
Sample_Capstone_Output_Data_289.txt,0,,,,,,,,
Sample_Capstone_Output_Data_290.txt,0,,,,,,,,
Sample_Capstone_Output_Data_291.txt,1,,,,,,,,
Sample_Capstone_Output_Data_292.txt,1,,,,,,,,
Sample_Capstone_Output_Data_293.txt,0,,,,,,,,
Sample_Capstone_Output_Data_294.txt,0,,,,,,,,
Sample_Capstone_Output_Data_295.txt,1,,,,,,,,
Sample_Capstone_Output_Data_296.txt,1,,,,,,,,
Sample_Capstone_Output_Data_297.txt,0,,,,,,,,
Sample_Capstone_Output_Data_298.txt,0,,,,,,,,
Sample_Capstone_Output_Data_299.txt,1,,,,,,,,
Sample_Capstone_Output_Data_300.txt,1,,,,,,,,
Sample_Capstone_Output_Data_301.txt,0,,,,,,,,
Sample_Capstone_Output_Data_302.txt,0,,,,,,,,
Sample_Capstone_Output_Data_303.txt,1,,,,,,,,
Sample_Capstone_Output_Data_304.txt,1,,,,,,,,
Sample_Capstone_Output_Data_305.txt,0,,,,,,,,
Sample_Capstone_Output_Data_306.txt,0,,,,,,,,
Sample_Capstone_Output_Data_307.txt,1,,,,,,,,
Sample_Capstone_Output_Data_308.txt,1,,,,,,,,
Sample_Capstone_Output_Data_309.txt,0,,,,,,,,
Sample_Capstone_Output_Data_310.txt,0,,,,,,,,
Sample_Capstone_Output_Data_311.txt,1,,,,,,,,
Sample_Capstone_Output_Data_312.txt,1,,,,,,,,
Sample_Capstone_Output_Data_313.txt,0,,,,,,,,
Sample_Capstone_Output_Data_314.txt,0,,,,,,,,
Sample_Capstone_Output_Data_315.txt,1,,,,,,,,
Sample_Capstone_Output_Data_316.txt,1,,,,,,,,
Sample_Capstone_Output_Data_317.txt,0,,,,,,,,
Sample_Capstone_Output_Data_318.txt,0,,,,,,,,
Sample_Capstone_Output_Data_319.txt,1,,,,,,,,
Sample_Capstone_Output_Data_320.txt,1,,,,,,,,
Sample_Capstone_Output_Data_321.txt,0,,,,,,,,
Sample_Capstone_Output_Data_322.txt,0,,,,,,,,
Sample_Capstone_Output_Data_323.txt,1,,,,,,,,
Sample_Capstone_Output_Data_324.txt,1,,,,,,,,
Sample_Capstone_Output_Data_325.txt,0,,,,,,,,
Sample_Capstone_Output_Data_326.txt,0,,,,,,,,
Sample_Capstone_Output_Data_327.txt,1,,,,,,,,
Sample_Capstone_Output_Data_328.txt,1,,,,,,,,
Sample_Capstone_Output_Data_329.txt,0,,,,,,,,
Sample_Capstone_Output_Data_330.txt,0,,,,,,,,
Sample_Capstone_Output_Data_331.txt,1,,,,,,,,
Sample_Capstone_Output_Data_332.txt,1,,,,,,,,
Sample_Capstone_Output_Data_333.txt,0,,,,,,,,
Sample_Capstone_Output_Data_334.txt,0,,,,,,,,
Sample_Capstone_Output_Data_335.txt,1,,,,,,,,
Sample_Capstone_Output_Data_336.txt,1,,,,,,,,
Sample_Capstone_Output_Data_337.txt,0,,,,,,,,
Sample_Capstone_Output_Data_338.txt,0,,,,,,,,
Sample_Capstone_Output_Data_339.txt,1,,,,,,,,
Sample_Capstone_Output_Data_340.txt,1,,,,,,,,
Sample_Capstone_Output_Data_341.txt,0,,,,,,,,
Sample_Capstone_Output_Data_342.txt,0,,,,,,,,
Sample_Capstone_Output_Data_343.txt,1,,,,,,,,
Sample_Capstone_Output_Data_344.txt,1,,,,,,,,
Sample_Capstone_Output_Data_345.txt,0,,,,,,,,
Sample_Capstone_Output_Data_346.txt,0,,,,,,,,
Sample_Capstone_Output_Data_347.txt,1,,,,,,,,
Sample_Capstone_Output_Data_348.txt,1,,,,,,,,
Sample_Capstone_Output_Data_349.txt,0,,,,,,,,
Sample_Capstone_Output_Data_350.txt,0,,,,,,,,
Sample_Capstone_Output_Data_351.txt,1,,,,,,,,
Sample_Capstone_Output_Data_352.txt,1,,,,,,,,
Sample_Capstone_Output_Data_353.txt,0,,,,,,,,
Sample_Capstone_Output_Data_354.txt,0,,,,,,,,
Sample_Capstone_Output_Data_355.txt,1,,,,,,,,
Sample_Capstone_Output_Data_356.txt,1,,,,,,,,
Sample_Capstone_Output_Data_357.txt,0,,,,,,,,
Sample_Capstone_Output_Data_358.txt,0,,,,,,,,
Sample_Capstone_Output_Data_359.txt,1,,,,,,,,
Sample_Capstone_Output_Data_360.txt,1,,,,,,,,
Sample_Capstone_Output_Data_361.txt,0,,,,,,,,
Sample_Capstone_Output_Data_362.txt,0,,,,,,,,
Sample_Capstone_Output_Data_363.txt,1,,,,,,,,
Sample_Capstone_Output_Data_364.txt,1,,,,,,,,
Sample_Capstone_Output_Data_365.txt,0,,,,,,,,
Sample_Capstone_Output_Data_366.txt,0,,,,,,,,
Sample_Capstone_Output_Data_367.txt,1,,,,,,,,
Sample_Capstone_Output_Data_368.txt,1,,,,,,,,
Sample_Capstone_Output_Data_369.txt,0,,,,,,,,
Sample_Capstone_Output_Data_370.txt,0,,,,,,,,
Sample_Capstone_Output_Data_371.txt,1,,,,,,,,
Sample_Capstone_Output_Data_372.txt,1,,,,,,,,
Sample_Capstone_Output_Data_373.txt,0,,,,,,,,
Sample_Capstone_Output_Data_374.txt,0,,,,,,,,
Sample_Capstone_Output_Data_375.txt,1,,,,,,,,
Sample_Capstone_Output_Data_376.txt,1,,,,,,,,
Sample_Capstone_Output_Data_377.txt,0,,,,,,,,
Sample_Capstone_Output_Data_378.txt,0,,,,,,,,
Sample_Capstone_Output_Data_379.txt,1,,,,,,,,
Sample_Capstone_Output_Data_380.txt,1,,,,,,,,
Sample_Capstone_Output_Data_381.txt,0,,,,,,,,
Sample_Capstone_Output_Data_382.txt,0,,,,,,,,
Sample_Capstone_Output_Data_383.txt,1,,,,,,,,
Sample_Capstone_Output_Data_384.txt,1,,,,,,,,
Sample_Capstone_Output_Data_385.txt,0,,,,,,,,
Sample_Capstone_Output_Data_386.txt,0,,,,,,,,
Sample_Capstone_Output_Data_387.txt,1,,,,,,,,
Sample_Capstone_Output_Data_388.txt,1,,,,,,,,
Sample_Capstone_Output_Data_389.txt,0,,,,,,,,
Sample_Capstone_Output_Data_390.txt,0,,,,,,,,
Sample_Capstone_Output_Data_391.txt,1,,,,,,,,
Sample_Capstone_Output_Data_392.txt,1,,,,,,,,
Sample_Capstone_Output_Data_393.txt,0,,,,,,,,
Sample_Capstone_Output_Data_394.txt,0,,,,,,,,
Sample_Capstone_Output_Data_395.txt,1,,,,,,,,
Sample_Capstone_Output_Data_396.txt,1,,,,,,,,
Sample_Capstone_Output_Data_397.txt,0,,,,,,,,
Sample_Capstone_Output_Data_398.txt,0,,,,,,,,
Sample_Capstone_Output_Data_399.txt,1,,,,,,,,
Sample_Capstone_Output_Data_400.txt,1,,,,,,,,
Sample_Capstone_Output_Data_401.txt,0,,,,,,,,
Sample_Capstone_Output_Data_402.txt,0,,,,,,,,
Sample_Capstone_Output_Data_403.txt,1,,,,,,,,
Sample_Capstone_Output_Data_404.txt,1,,,,,,,,
Sample_Capstone_Output_Data_405.txt,0,,,,,,,,
Sample_Capstone_Output_Data_406.txt,0,,,,,,,,
Sample_Capstone_Output_Data_407.txt,1,,,,,,,,
Sample_Capstone_Output_Data_408.txt,1,,,,,,,,
Sample_Capstone_Output_Data_409.txt,0,,,,,,,,
Sample_Capstone_Output_Data_410.txt,0,,,,,,,,
Sample_Capstone_Output_Data_411.txt,1,,,,,,,,
Sample_Capstone_Output_Data_412.txt,1,,,,,,,,
Sample_Capstone_Output_Data_413.txt,0,,,,,,,,
Sample_Capstone_Output_Data_414.txt,0,,,,,,,,
Sample_Capstone_Output_Data_415.txt,1,,,,,,,,
Sample_Capstone_Output_Data_416.txt,1,,,,,,,,
Sample_Capstone_Output_Data_417.txt,0,,,,,,,,
Sample_Capstone_Output_Data_418.txt,0,,,,,,,,
Sample_Capstone_Output_Data_419.txt,1,,,,,,,,
Sample_Capstone_Output_Data_420.txt,1,,,,,,,,
Sample_Capstone_Output_Data_421.txt,0,,,,,,,,
Sample_Capstone_Output_Data_422.txt,1,,,,,,,,
Sample_Capstone_Output_Data_423.txt,1,,,,,,,,
Sample_Capstone_Output_Data_424.txt,1,,,,,,,,
Sample_Capstone_Output_Data_425.txt,0,,,,,,,,
Sample_Capstone_Output_Data_426.txt,1,,,,,,,,
Sample_Capstone_Output_Data_427.txt,1,,,,,,,,
Sample_Capstone_Output_Data_428.txt,1,,,,,,,,
Sample_Capstone_Output_Data_429.txt,0,,,,,,,,
Sample_Capstone_Output_Data_430.txt,1,,,,,,,,
Sample_Capstone_Output_Data_431.txt,1,,,,,,,,
Sample_Capstone_Output_Data_432.txt,1,,,,,,,,
Sample_Capstone_Output_Data_433.txt,0,,,,,,,,
Sample_Capstone_Output_Data_434.txt,1,,,,,,,,
Sample_Capstone_Output_Data_435.txt,1,,,,,,,,
Sample_Capstone_Output_Data_436.txt,1,,,,,,,,
Sample_Capstone_Output_Data_437.txt,0,,,,,,,,
Sample_Capstone_Output_Data_438.txt,1,,,,,,,,
Sample_Capstone_Output_Data_439.txt,1,,,,,,,,
Sample_Capstone_Output_Data_440.txt,1,,,,,,,,
Sample_Capstone_Output_Data_441.txt,0,,,,,,,,
Sample_Capstone_Output_Data_442.txt,1,,,,,,,,
Sample_Capstone_Output_Data_443.txt,1,,,,,,,,
Sample_Capstone_Output_Data_444.txt,1,,,,,,,,
Sample_Capstone_Output_Data_445.txt,0,,,,,,,,
Sample_Capstone_Output_Data_446.txt,1,,,,,,,,
Sample_Capstone_Output_Data_447.txt,1,,,,,,,,
Sample_Capstone_Output_Data_448.txt,1,,,,,,,,
Sample_Capstone_Output_Data_449.txt,0,,,,,,,,
Sample_Capstone_Output_Data_450.txt,1,,,,,,,,
Sample_Capstone_Output_Data_451.txt,1,,,,,,,,
Sample_Capstone_Output_Data_452.txt,1,,,,,,,,
Sample_Capstone_Output_Data_453.txt,0,,,,,,,,
Sample_Capstone_Output_Data_454.txt,1,,,,,,,,
Sample_Capstone_Output_Data_455.txt,1,,,,,,,,
Sample_Capstone_Output_Data_456.txt,1,,,,,,,,
Sample_Capstone_Output_Data_457.txt,0,,,,,,,,
Sample_Capstone_Output_Data_458.txt,1,,,,,,,,
Sample_Capstone_Output_Data_459.txt,1,,,,,,,,
Sample_Capstone_Output_Data_460.txt,1,,,,,,,,
Sample_Capstone_Output_Data_461.txt,0,,,,,,,,
Sample_Capstone_Output_Data_462.txt,1,,,,,,,,
Sample_Capstone_Output_Data_463.txt,1,,,,,,,,
Sample_Capstone_Output_Data_464.txt,1,,,,,,,,
Sample_Capstone_Output_Data_465.txt,0,,,,,,,,
Sample_Capstone_Output_Data_466.txt,1,,,,,,,,
Sample_Capstone_Output_Data_467.txt,1,,,,,,,,
Sample_Capstone_Output_Data_468.txt,1,,,,,,,,
Sample_Capstone_Output_Data_469.txt,0,,,,,,,,
Sample_Capstone_Output_Data_470.txt,1,,,,,,,,
Sample_Capstone_Output_Data_471.txt,1,,,,,,,,
Sample_Capstone_Output_Data_472.txt,1,,,,,,,,
Sample_Capstone_Output_Data_473.txt,0,,,,,,,,
Sample_Capstone_Output_Data_474.txt,1,,,,,,,,
Sample_Capstone_Output_Data_475.txt,1,,,,,,,,
Sample_Capstone_Output_Data_476.txt,1,,,,,,,,
Sample_Capstone_Output_Data_477.txt,0,,,,,,,,
Sample_Capstone_Output_Data_478.txt,1,,,,,,,,
Sample_Capstone_Output_Data_479.txt,1,,,,,,,,
Sample_Capstone_Output_Data_480.txt,1,,,,,,,,
Sample_Capstone_Output_Data_481.txt,0,,,,,,,,
Sample_Capstone_Output_Data_482.txt,1,,,,,,,,
Sample_Capstone_Output_Data_483.txt,1,,,,,,,,
Sample_Capstone_Output_Data_484.txt,1,,,,,,,,
Sample_Capstone_Output_Data_485.txt,0,,,,,,,,
Sample_Capstone_Output_Data_486.txt,1,,,,,,,,
Sample_Capstone_Output_Data_487.txt,1,,,,,,,,
Sample_Capstone_Output_Data_488.txt,1,,,,,,,,
Sample_Capstone_Output_Data_489.txt,0,,,,,,,,
Sample_Capstone_Output_Data_490.txt,1,,,,,,,,
Sample_Capstone_Output_Data_491.txt,1,,,,,,,,
Sample_Capstone_Output_Data_492.txt,1,,,,,,,,
Sample_Capstone_Output_Data_493.txt,0,,,,,,,,
Sample_Capstone_Output_Data_494.txt,1,,,,,,,,
Sample_Capstone_Output_Data_495.txt,1,,,,,,,,
Sample_Capstone_Output_Data_496.txt,1,,,,,,,,
Sample_Capstone_Output_Data_497.txt,0,,,,,,,,
Sample_Capstone_Output_Data_498.txt,1,,,,,,,,
Sample_Capstone_Output_Data_499.txt,1,,,,,,,,
Sample_Capstone_Output_Data_500.txt,1,,,,,,,,
Sample_Capstone_Output_Data_501.txt,0,,,,,,,,
Sample_Capstone_Output_Data_502.txt,1,,,,,,,,
Sample_Capstone_Output_Data_503.txt,1,,,,,,,,
Sample_Capstone_Output_Data_504.txt,1,,,,,,,,
Sample_Capstone_Output_Data_505.txt,1,,,,,,,,
Sample_Capstone_Output_Data_506.txt,0,,,,,,,,
Sample_Capstone_Output_Data_507.txt,0,,,,,,,,
Sample_Capstone_Output_Data_508.txt,0,,,,,,,,
Sample_Capstone_Output_Data_509.txt,1,,,,,,,,
Sample_Capstone_Output_Data_510.txt,0,,,,,,,,
Sample_Capstone_Output_Data_511.txt,0,,,,,,,,
Sample_Capstone_Output_Data_512.txt,0,,,,,,,,
Sample_Capstone_Output_Data_513.txt,1,,,,,,,,
Sample_Capstone_Output_Data_514.txt,0,,,,,,,,
Sample_Capstone_Output_Data_515.txt,0,,,,,,,,
Sample_Capstone_Output_Data_516.txt,0,,,,,,,,
Sample_Capstone_Output_Data_517.txt,1,,,,,,,,
Sample_Capstone_Output_Data_518.txt,0,,,,,,,,
Sample_Capstone_Output_Data_519.txt,0,,,,,,,,
Sample_Capstone_Output_Data_520.txt,0,,,,,,,,
Sample_Capstone_Output_Data_521.txt,1,,,,,,,,
Sample_Capstone_Output_Data_522.txt,0,,,,,,,,
Sample_Capstone_Output_Data_523.txt,0,,,,,,,,
Sample_Capstone_Output_Data_524.txt,0,,,,,,,,
Sample_Capstone_Output_Data_525.txt,1,,,,,,,,
Sample_Capstone_Output_Data_526.txt,1,,,,,,,,
Sample_Capstone_Output_Data_527.txt,0,,,,,,,,
Sample_Capstone_Output_Data_528.txt,0,,,,,,,,
Sample_Capstone_Output_Data_529.txt,1,,,,,,,,
Sample_Capstone_Output_Data_530.txt,1,,,,,,,,
Sample_Capstone_Output_Data_531.txt,0,,,,,,,,
Sample_Capstone_Output_Data_532.txt,0,,,,,,,,
Sample_Capstone_Output_Data_533.txt,1,,,,,,,,
Sample_Capstone_Output_Data_534.txt,0,,,,,,,,
Sample_Capstone_Output_Data_535.txt,0,,,,,,,,
Sample_Capstone_Output_Data_536.txt,0,,,,,,,,
Sample_Capstone_Output_Data_537.txt,1,,,,,,,,
Sample_Capstone_Output_Data_538.txt,0,,,,,,,,
Sample_Capstone_Output_Data_539.txt,0,,,,,,,,
Sample_Capstone_Output_Data_540.txt,0,,,,,,,,
Sample_Capstone_Output_Data_541.txt,1,,,,,,,,
Sample_Capstone_Output_Data_542.txt,0,,,,,,,,
Sample_Capstone_Output_Data_543.txt,0,,,,,,,,
Sample_Capstone_Output_Data_544.txt,0,,,,,,,,
Sample_Capstone_Output_Data_545.txt,1,,,,,,,,
Sample_Capstone_Output_Data_546.txt,0,,,,,,,,
Sample_Capstone_Output_Data_547.txt,0,,,,,,,,
Sample_Capstone_Output_Data_548.txt,0,,,,,,,,
Sample_Capstone_Output_Data_549.txt,1,,,,,,,,
Sample_Capstone_Output_Data_550.txt,0,,,,,,,,
Sample_Capstone_Output_Data_551.txt,0,,,,,,,,
Sample_Capstone_Output_Data_552.txt,0,,,,,,,,
Sample_Capstone_Output_Data_553.txt,1,,,,,,,,
Sample_Capstone_Output_Data_554.txt,1,,,,,,,,
Sample_Capstone_Output_Data_555.txt,0,,,,,,,,
Sample_Capstone_Output_Data_556.txt,0,,,,,,,,
Sample_Capstone_Output_Data_557.txt,1,,,,,,,,
Sample_Capstone_Output_Data_558.txt,1,,,,,,,,
Sample_Capstone_Output_Data_559.txt,0,,,,,,,,
Sample_Capstone_Output_Data_560.txt,0,,,,,,,,
Sample_Capstone_Output_Data_561.txt,1,,,,,,,,
Sample_Capstone_Output_Data_562.txt,0,,,,,,,,
Sample_Capstone_Output_Data_563.txt,0,,,,,,,,
Sample_Capstone_Output_Data_564.txt,0,,,,,,,,
Sample_Capstone_Output_Data_565.txt,1,,,,,,,,
Sample_Capstone_Output_Data_566.txt,0,,,,,,,,
Sample_Capstone_Output_Data_567.txt,0,,,,,,,,
Sample_Capstone_Output_Data_568.txt,0,,,,,,,,
Sample_Capstone_Output_Data_569.txt,1,,,,,,,,
Sample_Capstone_Output_Data_570.txt,0,,,,,,,,
Sample_Capstone_Output_Data_571.txt,0,,,,,,,,
Sample_Capstone_Output_Data_572.txt,0,,,,,,,,
Sample_Capstone_Output_Data_573.txt,1,,,,,,,,
Sample_Capstone_Output_Data_574.txt,0,,,,,,,,
Sample_Capstone_Output_Data_575.txt,0,,,,,,,,
Sample_Capstone_Output_Data_576.txt,0,,,,,,,,
Sample_Capstone_Output_Data_577.txt,1,,,,,,,,
Sample_Capstone_Output_Data_578.txt,0,,,,,,,,
Sample_Capstone_Output_Data_579.txt,0,,,,,,,,
Sample_Capstone_Output_Data_580.txt,0,,,,,,,,
Sample_Capstone_Output_Data_581.txt,1,,,,,,,,
Sample_Capstone_Output_Data_582.txt,1,,,,,,,,
Sample_Capstone_Output_Data_583.txt,0,,,,,,,,
Sample_Capstone_Output_Data_584.txt,0,,,,,,,,
Sample_Capstone_Output_Data_585.txt,1,,,,,,,,
Sample_Capstone_Output_Data_586.txt,1,,,,,,,,
Sample_Capstone_Output_Data_587.txt,0,,,,,,,,
Sample_Capstone_Output_Data_588.txt,0,,,,,,,,
Sample_Capstone_Output_Data_589.txt,1,,,,,,,,
Sample_Capstone_Output_Data_590.txt,0,,,,,,,,
Sample_Capstone_Output_Data_591.txt,0,,,,,,,,
Sample_Capstone_Output_Data_592.txt,1,,,,,,,,
Sample_Capstone_Output_Data_593.txt,1,,,,,,,,
Sample_Capstone_Output_Data_594.txt,0,,,,,,,,
Sample_Capstone_Output_Data_595.txt,0,,,,,,,,
Sample_Capstone_Output_Data_596.txt,1,,,,,,,,
Sample_Capstone_Output_Data_597.txt,1,,,,,,,,
Sample_Capstone_Output_Data_598.txt,0,,,,,,,,
Sample_Capstone_Output_Data_599.txt,0,,,,,,,,
Sample_Capstone_Output_Data_600.txt,1,,,,,,,,
Sample_Capstone_Output_Data_601.txt,1,,,,,,,,
Sample_Capstone_Output_Data_602.txt,0,,,,,,,,
Sample_Capstone_Output_Data_603.txt,0,,,,,,,,
Sample_Capstone_Output_Data_604.txt,0,,,,,,,,
Sample_Capstone_Output_Data_605.txt,1,,,,,,,,
Sample_Capstone_Output_Data_606.txt,0,,,,,,,,
Sample_Capstone_Output_Data_607.txt,0,,,,,,,,
Sample_Capstone_Output_Data_608.txt,0,,,,,,,,
Sample_Capstone_Output_Data_609.txt,1,,,,,,,,
Sample_Capstone_Output_Data_610.txt,0,,,,,,,,
Sample_Capstone_Output_Data_611.txt,0,,,,,,,,
Sample_Capstone_Output_Data_612.txt,0,,,,,,,,
Sample_Capstone_Output_Data_613.txt,1,,,,,,,,
Sample_Capstone_Output_Data_614.txt,0,,,,,,,,
Sample_Capstone_Output_Data_615.txt,0,,,,,,,,
Sample_Capstone_Output_Data_616.txt,0,,,,,,,,
Sample_Capstone_Output_Data_617.txt,1,,,,,,,,
Sample_Capstone_Output_Data_618.txt,0,,,,,,,,
Sample_Capstone_Output_Data_619.txt,0,,,,,,,,
Sample_Capstone_Output_Data_620.txt,1,,,,,,,,
Sample_Capstone_Output_Data_621.txt,1,,,,,,,,
Sample_Capstone_Output_Data_622.txt,0,,,,,,,,
Sample_Capstone_Output_Data_623.txt,0,,,,,,,,
Sample_Capstone_Output_Data_624.txt,1,,,,,,,,
Sample_Capstone_Output_Data_625.txt,1,,,,,,,,
Sample_Capstone_Output_Data_626.txt,0,,,,,,,,
Sample_Capstone_Output_Data_627.txt,0,,,,,,,,
Sample_Capstone_Output_Data_628.txt,1,,,,,,,,
Sample_Capstone_Output_Data_629.txt,1,,,,,,,,
Sample_Capstone_Output_Data_630.txt,0,,,,,,,,
Sample_Capstone_Output_Data_631.txt,0,,,,,,,,
Sample_Capstone_Output_Data_632.txt,0,,,,,,,,
Sample_Capstone_Output_Data_633.txt,1,,,,,,,,
Sample_Capstone_Output_Data_634.txt,0,,,,,,,,
Sample_Capstone_Output_Data_635.txt,0,,,,,,,,
Sample_Capstone_Output_Data_636.txt,0,,,,,,,,
Sample_Capstone_Output_Data_637.txt,1,,,,,,,,
Sample_Capstone_Output_Data_638.txt,0,,,,,,,,
Sample_Capstone_Output_Data_639.txt,0,,,,,,,,
Sample_Capstone_Output_Data_640.txt,0,,,,,,,,
Sample_Capstone_Output_Data_641.txt,1,,,,,,,,
Sample_Capstone_Output_Data_642.txt,0,,,,,,,,
Sample_Capstone_Output_Data_643.txt,0,,,,,,,,
Sample_Capstone_Output_Data_644.txt,0,,,,,,,,
Sample_Capstone_Output_Data_645.txt,1,,,,,,,,
Sample_Capstone_Output_Data_646.txt,0,,,,,,,,
Sample_Capstone_Output_Data_647.txt,0,,,,,,,,
Sample_Capstone_Output_Data_648.txt,1,,,,,,,,
Sample_Capstone_Output_Data_649.txt,1,,,,,,,,
Sample_Capstone_Output_Data_650.txt,0,,,,,,,,
Sample_Capstone_Output_Data_651.txt,0,,,,,,,,
Sample_Capstone_Output_Data_652.txt,1,,,,,,,,
Sample_Capstone_Output_Data_653.txt,1,,,,,,,,
Sample_Capstone_Output_Data_654.txt,0,,,,,,,,
Sample_Capstone_Output_Data_655.txt,0,,,,,,,,
Sample_Capstone_Output_Data_656.txt,1,,,,,,,,
Sample_Capstone_Output_Data_657.txt,1,,,,,,,,
Sample_Capstone_Output_Data_658.txt,0,,,,,,,,
Sample_Capstone_Output_Data_659.txt,0,,,,,,,,
Sample_Capstone_Output_Data_660.txt,0,,,,,,,,
Sample_Capstone_Output_Data_661.txt,1,,,,,,,,
Sample_Capstone_Output_Data_662.txt,0,,,,,,,,
Sample_Capstone_Output_Data_663.txt,0,,,,,,,,
Sample_Capstone_Output_Data_664.txt,0,,,,,,,,
Sample_Capstone_Output_Data_665.txt,1,,,,,,,,
Sample_Capstone_Output_Data_666.txt,0,,,,,,,,
Sample_Capstone_Output_Data_667.txt,0,,,,,,,,
Sample_Capstone_Output_Data_668.txt,0,,,,,,,,
Sample_Capstone_Output_Data_669.txt,1,,,,,,,,
Sample_Capstone_Output_Data_670.txt,0,,,,,,,,
Sample_Capstone_Output_Data_671.txt,0,,,,,,,,
Sample_Capstone_Output_Data_672.txt,0,,,,,,,,
Sample_Capstone_Output_Data_673.txt,1,,,,,,,,
Sample_Capstone_Output_Data_674.txt,1,,,,,,,,
Sample_Capstone_Output_Data_675.txt,1,,,,,,,,
Sample_Capstone_Output_Data_676.txt,1,,,,,,,,
Sample_Capstone_Output_Data_677.txt,1,,,,,,,,
Sample_Capstone_Output_Data_678.txt,1,,,,,,,,
Sample_Capstone_Output_Data_679.txt,1,,,,,,,,
Sample_Capstone_Output_Data_680.txt,1,,,,,,,,
Sample_Capstone_Output_Data_681.txt,1,,,,,,,,
Sample_Capstone_Output_Data_682.txt,1,,,,,,,,
Sample_Capstone_Output_Data_683.txt,1,,,,,,,,
Sample_Capstone_Output_Data_684.txt,1,,,,,,,,
Sample_Capstone_Output_Data_685.txt,1,,,,,,,,
Sample_Capstone_Output_Data_686.txt,0,,,,,,,,
Sample_Capstone_Output_Data_687.txt,1,,,,,,,,
Sample_Capstone_Output_Data_688.txt,1,,,,,,,,
Sample_Capstone_Output_Data_689.txt,1,,,,,,,,
Sample_Capstone_Output_Data_690.txt,0,,,,,,,,
Sample_Capstone_Output_Data_691.txt,1,,,,,,,,
Sample_Capstone_Output_Data_692.txt,1,,,,,,,,
Sample_Capstone_Output_Data_693.txt,1,,,,,,,,
Sample_Capstone_Output_Data_694.txt,0,,,,,,,,
Sample_Capstone_Output_Data_695.txt,1,,,,,,,,
Sample_Capstone_Output_Data_696.txt,1,,,,,,,,
Sample_Capstone_Output_Data_697.txt,1,,,,,,,,
Sample_Capstone_Output_Data_698.txt,1,,,,,,,,
Sample_Capstone_Output_Data_699.txt,1,,,,,,,,
Sample_Capstone_Output_Data_700.txt,1,,,,,,,,
Sample_Capstone_Output_Data_701.txt,1,,,,,,,,
Sample_Capstone_Output_Data_702.txt,1,,,,,,,,
Sample_Capstone_Output_Data_703.txt,1,,,,,,,,
Sample_Capstone_Output_Data_704.txt,1,,,,,,,,
Sample_Capstone_Output_Data_705.txt,1,,,,,,,,
Sample_Capstone_Output_Data_706.txt,1,,,,,,,,
Sample_Capstone_Output_Data_707.txt,1,,,,,,,,
Sample_Capstone_Output_Data_708.txt,1,,,,,,,,
Sample_Capstone_Output_Data_709.txt,1,,,,,,,,
Sample_Capstone_Output_Data_710.txt,1,,,,,,,,
Sample_Capstone_Output_Data_711.txt,1,,,,,,,,
Sample_Capstone_Output_Data_712.txt,1,,,,,,,,
Sample_Capstone_Output_Data_713.txt,1,,,,,,,,
Sample_Capstone_Output_Data_714.txt,0,,,,,,,,
Sample_Capstone_Output_Data_715.txt,1,,,,,,,,
Sample_Capstone_Output_Data_716.txt,1,,,,,,,,
Sample_Capstone_Output_Data_717.txt,1,,,,,,,,
Sample_Capstone_Output_Data_718.txt,0,,,,,,,,
Sample_Capstone_Output_Data_719.txt,1,,,,,,,,
Sample_Capstone_Output_Data_720.txt,1,,,,,,,,
Sample_Capstone_Output_Data_721.txt,1,,,,,,,,
Sample_Capstone_Output_Data_722.txt,0,,,,,,,,
Sample_Capstone_Output_Data_723.txt,1,,,,,,,,
Sample_Capstone_Output_Data_724.txt,1,,,,,,,,
Sample_Capstone_Output_Data_725.txt,1,,,,,,,,
Sample_Capstone_Output_Data_726.txt,1,,,,,,,,
Sample_Capstone_Output_Data_727.txt,1,,,,,,,,
Sample_Capstone_Output_Data_728.txt,1,,,,,,,,
Sample_Capstone_Output_Data_729.txt,1,,,,,,,,
Sample_Capstone_Output_Data_730.txt,1,,,,,,,,
Sample_Capstone_Output_Data_731.txt,1,,,,,,,,
Sample_Capstone_Output_Data_732.txt,1,,,,,,,,
Sample_Capstone_Output_Data_733.txt,1,,,,,,,,
Sample_Capstone_Output_Data_734.txt,1,,,,,,,,
Sample_Capstone_Output_Data_735.txt,1,,,,,,,,
Sample_Capstone_Output_Data_736.txt,1,,,,,,,,
Sample_Capstone_Output_Data_737.txt,1,,,,,,,,
Sample_Capstone_Output_Data_738.txt,1,,,,,,,,
Sample_Capstone_Output_Data_739.txt,1,,,,,,,,
Sample_Capstone_Output_Data_740.txt,1,,,,,,,,
Sample_Capstone_Output_Data_741.txt,1,,,,,,,,
Sample_Capstone_Output_Data_742.txt,0,,,,,,,,
Sample_Capstone_Output_Data_743.txt,1,,,,,,,,
Sample_Capstone_Output_Data_744.txt,1,,,,,,,,
Sample_Capstone_Output_Data_745.txt,1,,,,,,,,
Sample_Capstone_Output_Data_746.txt,0,,,,,,,,
Sample_Capstone_Output_Data_747.txt,1,,,,,,,,
Sample_Capstone_Output_Data_748.txt,1,,,,,,,,
Sample_Capstone_Output_Data_749.txt,1,,,,,,,,
Sample_Capstone_Output_Data_750.txt,0,,,,,,,,
Sample_Capstone_Output_Data_751.txt,1,,,,,,,,
Sample_Capstone_Output_Data_752.txt,1,,,,,,,,
Sample_Capstone_Output_Data_753.txt,1,,,,,,,,
Sample_Capstone_Output_Data_754.txt,1,,,,,,,,
Sample_Capstone_Output_Data_755.txt,1,,,,,,,,
Sample_Capstone_Output_Data_756.txt,1,,,,,,,,
Sample_Capstone_Output_Data_757.txt,1,,,,,,,,
Sample_Capstone_Output_Data_758.txt,1,,,,,,,,
Sample_Capstone_Output_Data_759.txt,1,,,,,,,,
Sample_Capstone_Output_Data_760.txt,1,,,,,,,,
Sample_Capstone_Output_Data_761.txt,1,,,,,,,,
Sample_Capstone_Output_Data_762.txt,1,,,,,,,,
Sample_Capstone_Output_Data_763.txt,1,,,,,,,,
Sample_Capstone_Output_Data_764.txt,1,,,,,,,,
Sample_Capstone_Output_Data_765.txt,1,,,,,,,,
Sample_Capstone_Output_Data_766.txt,1,,,,,,,,
Sample_Capstone_Output_Data_767.txt,1,,,,,,,,
Sample_Capstone_Output_Data_768.txt,1,,,,,,,,
Sample_Capstone_Output_Data_769.txt,1,,,,,,,,
Sample_Capstone_Output_Data_770.txt,1,,,,,,,,
Sample_Capstone_Output_Data_771.txt,1,,,,,,,,
Sample_Capstone_Output_Data_772.txt,1,,,,,,,,
Sample_Capstone_Output_Data_773.txt,1,,,,,,,,
Sample_Capstone_Output_Data_774.txt,1,,,,,,,,
Sample_Capstone_Output_Data_775.txt,1,,,,,,,,
Sample_Capstone_Output_Data_776.txt,1,,,,,,,,
Sample_Capstone_Output_Data_777.txt,1,,,,,,,,
Sample_Capstone_Output_Data_778.txt,1,,,,,,,,
Sample_Capstone_Output_Data_779.txt,1,,,,,,,,
Sample_Capstone_Output_Data_780.txt,1,,,,,,,,
Sample_Capstone_Output_Data_781.txt,1,,,,,,,,
Sample_Capstone_Output_Data_782.txt,1,,,,,,,,
Sample_Capstone_Output_Data_783.txt,1,,,,,,,,
Sample_Capstone_Output_Data_784.txt,1,,,,,,,,
Sample_Capstone_Output_Data_785.txt,1,,,,,,,,
Sample_Capstone_Output_Data_786.txt,1,,,,,,,,
Sample_Capstone_Output_Data_787.txt,1,,,,,,,,
Sample_Capstone_Output_Data_788.txt,1,,,,,,,,
Sample_Capstone_Output_Data_789.txt,1,,,,,,,,
Sample_Capstone_Output_Data_790.txt,1,,,,,,,,
Sample_Capstone_Output_Data_791.txt,1,,,,,,,,
Sample_Capstone_Output_Data_792.txt,1,,,,,,,,
Sample_Capstone_Output_Data_793.txt,1,,,,,,,,
Sample_Capstone_Output_Data_794.txt,1,,,,,,,,
Sample_Capstone_Output_Data_795.txt,1,,,,,,,,
Sample_Capstone_Output_Data_796.txt,1,,,,,,,,
Sample_Capstone_Output_Data_797.txt,1,,,,,,,,
Sample_Capstone_Output_Data_798.txt,1,,,,,,,,
Sample_Capstone_Output_Data_799.txt,1,,,,,,,,
Sample_Capstone_Output_Data_800.txt,1,,,,,,,,
Sample_Capstone_Output_Data_801.txt,1,,,,,,,,
Sample_Capstone_Output_Data_802.txt,1,,,,,,,,
Sample_Capstone_Output_Data_803.txt,1,,,,,,,,
Sample_Capstone_Output_Data_804.txt,1,,,,,,,,
Sample_Capstone_Output_Data_805.txt,1,,,,,,,,
Sample_Capstone_Output_Data_806.txt,1,,,,,,,,
Sample_Capstone_Output_Data_807.txt,1,,,,,,,,
Sample_Capstone_Output_Data_808.txt,1,,,,,,,,
Sample_Capstone_Output_Data_809.txt,1,,,,,,,,
Sample_Capstone_Output_Data_810.txt,1,,,,,,,,
Sample_Capstone_Output_Data_811.txt,1,,,,,,,,
Sample_Capstone_Output_Data_812.txt,1,,,,,,,,
Sample_Capstone_Output_Data_813.txt,1,,,,,,,,
Sample_Capstone_Output_Data_814.txt,1,,,,,,,,
Sample_Capstone_Output_Data_815.txt,1,,,,,,,,
Sample_Capstone_Output_Data_816.txt,1,,,,,,,,
Sample_Capstone_Output_Data_817.txt,1,,,,,,,,
Sample_Capstone_Output_Data_818.txt,1,,,,,,,,
Sample_Capstone_Output_Data_819.txt,1,,,,,,,,
Sample_Capstone_Output_Data_820.txt,1,,,,,,,,
Sample_Capstone_Output_Data_821.txt,1,,,,,,,,
Sample_Capstone_Output_Data_822.txt,1,,,,,,,,
Sample_Capstone_Output_Data_823.txt,1,,,,,,,,
Sample_Capstone_Output_Data_824.txt,1,,,,,,,,
Sample_Capstone_Output_Data_825.txt,1,,,,,,,,
Sample_Capstone_Output_Data_826.txt,1,,,,,,,,
Sample_Capstone_Output_Data_827.txt,1,,,,,,,,
Sample_Capstone_Output_Data_828.txt,1,,,,,,,,
Sample_Capstone_Output_Data_829.txt,1,,,,,,,,
Sample_Capstone_Output_Data_830.txt,1,,,,,,,,
Sample_Capstone_Output_Data_831.txt,1,,,,,,,,
Sample_Capstone_Output_Data_832.txt,1,,,,,,,,
Sample_Capstone_Output_Data_833.txt,1,,,,,,,,
Sample_Capstone_Output_Data_834.txt,1,,,,,,,,
Sample_Capstone_Output_Data_835.txt,1,,,,,,,,
Sample_Capstone_Output_Data_836.txt,1,,,,,,,,
Sample_Capstone_Output_Data_837.txt,1,,,,,,,,
Sample_Capstone_Output_Data_838.txt,1,,,,,,,,
Sample_Capstone_Output_Data_839.txt,1,,,,,,,,
Sample_Capstone_Output_Data_840.txt,1,,,,,,,,
Sample_Capstone_Output_Data_841.txt,0,,,,,,,,
Sample_Capstone_Output_Data_842.txt,0,,,,,,,,
Sample_Capstone_Output_Data_843.txt,1,,,,,,,,
Sample_Capstone_Output_Data_844.txt,1,,,,,,,,
Sample_Capstone_Output_Data_845.txt,0,,,,,,,,
Sample_Capstone_Output_Data_846.txt,0,,,,,,,,
Sample_Capstone_Output_Data_847.txt,1,,,,,,,,
Sample_Capstone_Output_Data_848.txt,1,,,,,,,,
Sample_Capstone_Output_Data_849.txt,0,,,,,,,,
Sample_Capstone_Output_Data_850.txt,0,,,,,,,,
Sample_Capstone_Output_Data_851.txt,1,,,,,,,,
Sample_Capstone_Output_Data_852.txt,1,,,,,,,,
Sample_Capstone_Output_Data_853.txt,0,,,,,,,,
Sample_Capstone_Output_Data_854.txt,0,,,,,,,,
Sample_Capstone_Output_Data_855.txt,1,,,,,,,,
Sample_Capstone_Output_Data_856.txt,1,,,,,,,,
Sample_Capstone_Output_Data_857.txt,0,,,,,,,,
Sample_Capstone_Output_Data_858.txt,0,,,,,,,,
Sample_Capstone_Output_Data_859.txt,1,,,,,,,,
Sample_Capstone_Output_Data_860.txt,1,,,,,,,,
Sample_Capstone_Output_Data_861.txt,0,,,,,,,,
Sample_Capstone_Output_Data_862.txt,0,,,,,,,,
Sample_Capstone_Output_Data_863.txt,1,,,,,,,,
Sample_Capstone_Output_Data_864.txt,1,,,,,,,,
Sample_Capstone_Output_Data_865.txt,0,,,,,,,,
Sample_Capstone_Output_Data_866.txt,0,,,,,,,,
Sample_Capstone_Output_Data_867.txt,1,,,,,,,,
Sample_Capstone_Output_Data_868.txt,1,,,,,,,,
Sample_Capstone_Output_Data_869.txt,0,,,,,,,,
Sample_Capstone_Output_Data_870.txt,0,,,,,,,,
Sample_Capstone_Output_Data_871.txt,1,,,,,,,,
Sample_Capstone_Output_Data_872.txt,1,,,,,,,,
Sample_Capstone_Output_Data_873.txt,0,,,,,,,,
Sample_Capstone_Output_Data_874.txt,0,,,,,,,,
Sample_Capstone_Output_Data_875.txt,1,,,,,,,,
Sample_Capstone_Output_Data_876.txt,1,,,,,,,,
Sample_Capstone_Output_Data_877.txt,0,,,,,,,,
Sample_Capstone_Output_Data_878.txt,0,,,,,,,,
Sample_Capstone_Output_Data_879.txt,1,,,,,,,,
Sample_Capstone_Output_Data_880.txt,1,,,,,,,,
Sample_Capstone_Output_Data_881.txt,0,,,,,,,,
Sample_Capstone_Output_Data_882.txt,0,,,,,,,,
Sample_Capstone_Output_Data_883.txt,1,,,,,,,,
Sample_Capstone_Output_Data_884.txt,1,,,,,,,,
Sample_Capstone_Output_Data_885.txt,0,,,,,,,,
Sample_Capstone_Output_Data_886.txt,0,,,,,,,,
Sample_Capstone_Output_Data_887.txt,1,,,,,,,,
Sample_Capstone_Output_Data_888.txt,1,,,,,,,,
Sample_Capstone_Output_Data_889.txt,0,,,,,,,,
Sample_Capstone_Output_Data_890.txt,0,,,,,,,,
Sample_Capstone_Output_Data_891.txt,1,,,,,,,,
Sample_Capstone_Output_Data_892.txt,1,,,,,,,,
Sample_Capstone_Output_Data_893.txt,0,,,,,,,,
Sample_Capstone_Output_Data_894.txt,0,,,,,,,,
Sample_Capstone_Output_Data_895.txt,1,,,,,,,,
Sample_Capstone_Output_Data_896.txt,1,,,,,,,,
Sample_Capstone_Output_Data_897.txt,0,,,,,,,,
Sample_Capstone_Output_Data_898.txt,0,,,,,,,,
Sample_Capstone_Output_Data_899.txt,1,,,,,,,,
Sample_Capstone_Output_Data_900.txt,1,,,,,,,,
Sample_Capstone_Output_Data_901.txt,0,,,,,,,,
Sample_Capstone_Output_Data_902.txt,0,,,,,,,,
Sample_Capstone_Output_Data_903.txt,1,,,,,,,,
Sample_Capstone_Output_Data_904.txt,1,,,,,,,,
Sample_Capstone_Output_Data_905.txt,0,,,,,,,,
Sample_Capstone_Output_Data_906.txt,0,,,,,,,,
Sample_Capstone_Output_Data_907.txt,1,,,,,,,,
Sample_Capstone_Output_Data_908.txt,1,,,,,,,,
Sample_Capstone_Output_Data_909.txt,0,,,,,,,,
Sample_Capstone_Output_Data_910.txt,0,,,,,,,,
Sample_Capstone_Output_Data_911.txt,1,,,,,,,,
Sample_Capstone_Output_Data_912.txt,1,,,,,,,,
Sample_Capstone_Output_Data_913.txt,0,,,,,,,,
Sample_Capstone_Output_Data_914.txt,0,,,,,,,,
Sample_Capstone_Output_Data_915.txt,1,,,,,,,,
Sample_Capstone_Output_Data_916.txt,1,,,,,,,,
Sample_Capstone_Output_Data_917.txt,0,,,,,,,,
Sample_Capstone_Output_Data_918.txt,0,,,,,,,,
Sample_Capstone_Output_Data_919.txt,1,,,,,,,,
Sample_Capstone_Output_Data_920.txt,1,,,,,,,,
Sample_Capstone_Output_Data_921.txt,0,,,,,,,,
Sample_Capstone_Output_Data_922.txt,0,,,,,,,,
Sample_Capstone_Output_Data_923.txt,1,,,,,,,,
Sample_Capstone_Output_Data_924.txt,1,,,,,,,,
Sample_Capstone_Output_Data_925.txt,1,,,,,,,,
Sample_Capstone_Output_Data_926.txt,0,,,,,,,,
Sample_Capstone_Output_Data_927.txt,1,,,,,,,,
Sample_Capstone_Output_Data_928.txt,1,,,,,,,,
Sample_Capstone_Output_Data_929.txt,1,,,,,,,,
Sample_Capstone_Output_Data_930.txt,0,,,,,,,,
Sample_Capstone_Output_Data_931.txt,1,,,,,,,,
Sample_Capstone_Output_Data_932.txt,1,,,,,,,,
Sample_Capstone_Output_Data_933.txt,1,,,,,,,,
Sample_Capstone_Output_Data_934.txt,0,,,,,,,,
Sample_Capstone_Output_Data_935.txt,1,,,,,,,,
Sample_Capstone_Output_Data_936.txt,1,,,,,,,,
Sample_Capstone_Output_Data_937.txt,1,,,,,,,,
Sample_Capstone_Output_Data_938.txt,0,,,,,,,,
Sample_Capstone_Output_Data_939.txt,1,,,,,,,,
Sample_Capstone_Output_Data_940.txt,1,,,,,,,,
Sample_Capstone_Output_Data_941.txt,1,,,,,,,,
Sample_Capstone_Output_Data_942.txt,0,,,,,,,,
Sample_Capstone_Output_Data_943.txt,1,,,,,,,,
Sample_Capstone_Output_Data_944.txt,1,,,,,,,,
Sample_Capstone_Output_Data_945.txt,0,,,,,,,,
Sample_Capstone_Output_Data_946.txt,0,,,,,,,,
Sample_Capstone_Output_Data_947.txt,0,,,,,,,,
Sample_Capstone_Output_Data_948.txt,1,,,,,,,,
Sample_Capstone_Output_Data_949.txt,0,,,,,,,,
Sample_Capstone_Output_Data_950.txt,0,,,,,,,,
Sample_Capstone_Output_Data_951.txt,0,,,,,,,,
Sample_Capstone_Output_Data_952.txt,0,,,,,,,,
Sample_Capstone_Output_Data_953.txt,1,,,,,,,,
Sample_Capstone_Output_Data_954.txt,0,,,,,,,,
Sample_Capstone_Output_Data_955.txt,1,,,,,,,,
Sample_Capstone_Output_Data_956.txt,1,,,,,,,,
Sample_Capstone_Output_Data_957.txt,1,,,,,,,,
Sample_Capstone_Output_Data_958.txt,0,,,,,,,,
Sample_Capstone_Output_Data_959.txt,1,,,,,,,,
Sample_Capstone_Output_Data_960.txt,1,,,,,,,,
Sample_Capstone_Output_Data_961.txt,1,,,,,,,,
Sample_Capstone_Output_Data_962.txt,0,,,,,,,,
Sample_Capstone_Output_Data_963.txt,1,,,,,,,,
Sample_Capstone_Output_Data_964.txt,1,,,,,,,,
Sample_Capstone_Output_Data_965.txt,1,,,,,,,,
Sample_Capstone_Output_Data_966.txt,0,,,,,,,,
Sample_Capstone_Output_Data_967.txt,1,,,,,,,,
Sample_Capstone_Output_Data_968.txt,1,,,,,,,,
Sample_Capstone_Output_Data_969.txt,1,,,,,,,,
Sample_Capstone_Output_Data_970.txt,0,,,,,,,,
Sample_Capstone_Output_Data_971.txt,1,,,,,,,,
Sample_Capstone_Output_Data_972.txt,1,,,,,,,,
Sample_Capstone_Output_Data_973.txt,0,,,,,,,,
Sample_Capstone_Output_Data_974.txt,0,,,,,,,,
Sample_Capstone_Output_Data_975.txt,0,,,,,,,,
Sample_Capstone_Output_Data_976.txt,1,,,,,,,,
Sample_Capstone_Output_Data_977.txt,0,,,,,,,,
Sample_Capstone_Output_Data_978.txt,0,,,,,,,,
Sample_Capstone_Output_Data_979.txt,0,,,,,,,,
Sample_Capstone_Output_Data_980.txt,0,,,,,,,,
Sample_Capstone_Output_Data_981.txt,1,,,,,,,,
Sample_Capstone_Output_Data_982.txt,0,,,,,,,,
Sample_Capstone_Output_Data_983.txt,1,,,,,,,,
Sample_Capstone_Output_Data_984.txt,1,,,,,,,,
Sample_Capstone_Output_Data_985.txt,1,,,,,,,,
Sample_Capstone_Output_Data_986.txt,0,,,,,,,,
Sample_Capstone_Output_Data_987.txt,1,,,,,,,,
Sample_Capstone_Output_Data_988.txt,1,,,,,,,,
Sample_Capstone_Output_Data_989.txt,1,,,,,,,,
Sample_Capstone_Output_Data_990.txt,0,,,,,,,,
Sample_Capstone_Output_Data_991.txt,1,,,,,,,,
Sample_Capstone_Output_Data_992.txt,1,,,,,,,,
Sample_Capstone_Output_Data_993.txt,1,,,,,,,,
Sample_Capstone_Output_Data_994.txt,0,,,,,,,,
Sample_Capstone_Output_Data_995.txt,1,,,,,,,,
Sample_Capstone_Output_Data_996.txt,1,,,,,,,,
Sample_Capstone_Output_Data_997.txt,1,,,,,,,,
Sample_Capstone_Output_Data_998.txt,0,,,,,,,,
Sample_Capstone_Output_Data_999.txt,1,,,,,,,,
Sample_Capstone_Output_Data_1000.txt,1,,,,,,,,
Sample_Capstone_Output_Data_1001.txt,0,,,,,,,,
Sample_Capstone_Output_Data_1002.txt,0,,,,,,,,
Sample_Capstone_Output_Data_1003.txt,0,,,,,,,,
Sample_Capstone_Output_Data_1004.txt,1,,,,,,,,
Sample_Capstone_Output_Data_1005.txt,0,,,,,,,,
Sample_Capstone_Output_Data_1006.txt,0,,,,,,,,
Sample_Capstone_Output_Data_1007.txt,0,,,,,,,,
Sample_Capstone_Output_Data_1008.txt,0,,,,,,,,
Sample_Capstone_Output_Data_1009.txt,0,,,,,,,,
Sample_Capstone_Output_Data_1010.txt,0,,,,,,,,
Sample_Capstone_Output_Data_1011.txt,0,,,,,,,,
Sample_Capstone_Output_Data_1012.txt,0,,,,,,,,
Sample_Capstone_Output_Data_1013.txt,0,,,,,,,,
Sample_Capstone_Output_Data_1014.txt,0,,,,,,,,
Sample_Capstone_Output_Data_1015.txt,0,,,,,,,,
Sample_Capstone_Output_Data_1016.txt,0,,,,,,,,
Sample_Capstone_Output_Data_1017.txt,0,,,,,,,,
Sample_Capstone_Output_Data_1018.txt,0,,,,,,,,
Sample_Capstone_Output_Data_1019.txt,0,,,,,,,,
Sample_Capstone_Output_Data_1020.txt,0,,,,,,,,
Sample_Capstone_Output_Data_1021.txt,0,,,,,,,,
Sample_Capstone_Output_Data_1022.txt,0,,,,,,,,
Sample_Capstone_Output_Data_1023.txt,0,,,,,,,,
Sample_Capstone_Output_Data_1024.txt,0,,,,,,,,
Sample_Capstone_Output_Data_1025.txt,0,,,,,,,,
Sample_Capstone_Output_Data_1026.txt,0,,,,,,,,
Sample_Capstone_Output_Data_1027.txt,0,,,,,,,,
Sample_Capstone_Output_Data_1028.txt,0,,,,,,,,
Sample_Capstone_Output_Data_1029.txt,0,,,,,,,,
Sample_Capstone_Output_Data_1030.txt,0,,,,,,,,
Sample_Capstone_Output_Data_1031.txt,0,,,,,,,,
Sample_Capstone_Output_Data_1032.txt,0,,,,,,,,
Sample_Capstone_Output_Data_1033.txt,0,,,,,,,,
Sample_Capstone_Output_Data_1034.txt,0,,,,,,,,
Sample_Capstone_Output_Data_1035.txt,0,,,,,,,,
Sample_Capstone_Output_Data_1036.txt,0,,,,,,,,
Sample_Capstone_Output_Data_1037.txt,0,,,,,,,,
Sample_Capstone_Output_Data_1038.txt,0,,,,,,,,
Sample_Capstone_Output_Data_1039.txt,0,,,,,,,,
Sample_Capstone_Output_Data_1040.txt,0,,,,,,,,
Sample_Capstone_Output_Data_1041.txt,0,,,,,,,,
Sample_Capstone_Output_Data_1042.txt,0,,,,,,,,
Sample_Capstone_Output_Data_1043.txt,0,,,,,,,,
Sample_Capstone_Output_Data_1044.txt,0,,,,,,,,
Sample_Capstone_Output_Data_1045.txt,0,,,,,,,,
Sample_Capstone_Output_Data_1046.txt,0,,,,,,,,
Sample_Capstone_Output_Data_1047.txt,0,,,,,,,,
Sample_Capstone_Output_Data_1048.txt,0,,,,,,,,
Sample_Capstone_Output_Data_1049.txt,0,,,,,,,,
Sample_Capstone_Output_Data_1050.txt,0,,,,,,,,
Sample_Capstone_Output_Data_1051.txt,0,,,,,,,,
Sample_Capstone_Output_Data_1052.txt,0,,,,,,,,
Sample_Capstone_Output_Data_1053.txt,0,,,,,,,,
Sample_Capstone_Output_Data_1054.txt,0,,,,,,,,
Sample_Capstone_Output_Data_1055.txt,0,,,,,,,,
Sample_Capstone_Output_Data_1056.txt,0,,,,,,,,
Sample_Capstone_Output_Data_1057.txt,0,,,,,,,,
Sample_Capstone_Output_Data_1058.txt,0,,,,,,,,
Sample_Capstone_Output_Data_1059.txt,0,,,,,,,,
Sample_Capstone_Output_Data_1060.txt,0,,,,,,,,
Sample_Capstone_Output_Data_1061.txt,0,,,,,,,,
Sample_Capstone_Output_Data_1062.txt,0,,,,,,,,
Sample_Capstone_Output_Data_1063.txt,0,,,,,,,,
Sample_Capstone_Output_Data_1064.txt,0,,,,,,,,
Sample_Capstone_Output_Data_1065.txt,0,,,,,,,,
Sample_Capstone_Output_Data_1066.txt,0,,,,,,,,
Sample_Capstone_Output_Data_1067.txt,0,,,,,,,,
Sample_Capstone_Output_Data_1068.txt,0,,,,,,,,
Sample_Capstone_Output_Data_1069.txt,0,,,,,,,,
Sample_Capstone_Output_Data_1070.txt,0,,,,,,,,
Sample_Capstone_Output_Data_1071.txt,0,,,,,,,,
Sample_Capstone_Output_Data_1072.txt,0,,,,,,,,
Sample_Capstone_Output_Data_1073.txt,0,,,,,,,,
Sample_Capstone_Output_Data_1074.txt,0,,,,,,,,
Sample_Capstone_Output_Data_1075.txt,0,,,,,,,,
Sample_Capstone_Output_Data_1076.txt,0,,,,,,,,
Sample_Capstone_Output_Data_1077.txt,0,,,,,,,,
Sample_Capstone_Output_Data_1078.txt,0,,,,,,,,
Sample_Capstone_Output_Data_1079.txt,0,,,,,,,,
Sample_Capstone_Output_Data_1080.txt,0,,,,,,,,
Sample_Capstone_Output_Data_1081.txt,0,,,,,,,,
Sample_Capstone_Output_Data_1082.txt,0,,,,,,,,
Sample_Capstone_Output_Data_1083.txt,0,,,,,,,,
Sample_Capstone_Output_Data_1084.txt,0,,,,,,,,
Sample_Capstone_Output_Data_1085.txt,0,,,,,,,,
Sample_Capstone_Output_Data_1086.txt,0,,,,,,,,
Sample_Capstone_Output_Data_1087.txt,0,,,,,,,,
Sample_Capstone_Output_Data_1088.txt,0,,,,,,,,
Sample_Capstone_Output_Data_1089.txt,0,,,,,,,,
Sample_Capstone_Output_Data_1090.txt,0,,,,,,,,
Sample_Capstone_Output_Data_1091.txt,0,,,,,,,,
Sample_Capstone_Output_Data_1092.txt,0,,,,,,,,
Sample_Capstone_Output_Data_1093.txt,0,,,,,,,,
Sample_Capstone_Output_Data_1094.txt,0,,,,,,,,
Sample_Capstone_Output_Data_1095.txt,0,,,,,,,,
Sample_Capstone_Output_Data_1096.txt,0,,,,,,,,
Sample_Capstone_Output_Data_1097.txt,0,,,,,,,,
Sample_Capstone_Output_Data_1098.txt,0,,,,,,,,
Sample_Capstone_Output_Data_1099.txt,0,,,,,,,,
Sample_Capstone_Output_Data_1100.txt,0,,,,,,,,
Sample_Capstone_Output_Data_1101.txt,0,,,,,,,,
Sample_Capstone_Output_Data_1102.txt,0,,,,,,,,
Sample_Capstone_Output_Data_1103.txt,0,,,,,,,,
Sample_Capstone_Output_Data_1104.txt,0,,,,,,,,
Sample_Capstone_Output_Data_1105.txt,0,,,,,,,,
Sample_Capstone_Output_Data_1106.txt,0,,,,,,,,
Sample_Capstone_Output_Data_1107.txt,0,,,,,,,,
Sample_Capstone_Output_Data_1108.txt,0,,,,,,,,
Sample_Capstone_Output_Data_1109.txt,0,,,,,,,,
Sample_Capstone_Output_Data_1110.txt,0,,,,,,,,
Sample_Capstone_Output_Data_1111.txt,0,,,,,,,,
Sample_Capstone_Output_Data_1112.txt,0,,,,,,,,
Sample_Capstone_Output_Data_1113.txt,0,,,,,,,,
Sample_Capstone_Output_Data_1114.txt,0,,,,,,,,
Sample_Capstone_Output_Data_1115.txt,0,,,,,,,,
Sample_Capstone_Output_Data_1116.txt,0,,,,,,,,
Sample_Capstone_Output_Data_1117.txt,0,,,,,,,,
Sample_Capstone_Output_Data_1118.txt,0,,,,,,,,
Sample_Capstone_Output_Data_1119.txt,0,,,,,,,,
Sample_Capstone_Output_Data_1120.txt,0,,,,,,,,
Sample_Capstone_Output_Data_1121.txt,0,,,,,,,,
Sample_Capstone_Output_Data_1122.txt,0,,,,,,,,
Sample_Capstone_Output_Data_1123.txt,0,,,,,,,,
Sample_Capstone_Output_Data_1124.txt,0,,,,,,,,
Sample_Capstone_Output_Data_1125.txt,0,,,,,,,,
Sample_Capstone_Output_Data_1126.txt,0,,,,,,,,
Sample_Capstone_Output_Data_1127.txt,0,,,,,,,,
Sample_Capstone_Output_Data_1128.txt,0,,,,,,,,
Sample_Capstone_Output_Data_1129.txt,0,,,,,,,,
Sample_Capstone_Output_Data_1130.txt,0,,,,,,,,
Sample_Capstone_Output_Data_1131.txt,0,,,,,,,,
Sample_Capstone_Output_Data_1132.txt,0,,,,,,,,
Sample_Capstone_Output_Data_1133.txt,0,,,,,,,,
Sample_Capstone_Output_Data_1134.txt,0,,,,,,,,
Sample_Capstone_Output_Data_1135.txt,0,,,,,,,,
Sample_Capstone_Output_Data_1136.txt,0,,,,,,,,
Sample_Capstone_Output_Data_1137.txt,0,,,,,,,,
Sample_Capstone_Output_Data_1138.txt,0,,,,,,,,
Sample_Capstone_Output_Data_1139.txt,0,,,,,,,,
Sample_Capstone_Output_Data_1140.txt,0,,,,,,,,
Sample_Capstone_Output_Data_1141.txt,0,,,,,,,,
Sample_Capstone_Output_Data_1142.txt,0,,,,,,,,
Sample_Capstone_Output_Data_1143.txt,0,,,,,,,,
Sample_Capstone_Output_Data_1144.txt,0,,,,,,,,
Sample_Capstone_Output_Data_1145.txt,0,,,,,,,,
Sample_Capstone_Output_Data_1146.txt,0,,,,,,,,
Sample_Capstone_Output_Data_1147.txt,0,,,,,,,,
Sample_Capstone_Output_Data_1148.txt,0,,,,,,,,
Sample_Capstone_Output_Data_1149.txt,0,,,,,,,,
Sample_Capstone_Output_Data_1150.txt,0,,,,,,,,
Sample_Capstone_Output_Data_1151.txt,0,,,,,,,,
Sample_Capstone_Output_Data_1152.txt,0,,,,,,,,
Sample_Capstone_Output_Data_1153.txt,0,,,,,,,,
Sample_Capstone_Output_Data_1154.txt,0,,,,,,,,
Sample_Capstone_Output_Data_1155.txt,0,,,,,,,,
Sample_Capstone_Output_Data_1156.txt,0,,,,,,,,
Sample_Capstone_Output_Data_1157.txt,0,,,,,,,,
Sample_Capstone_Output_Data_1158.txt,0,,,,,,,,
Sample_Capstone_Output_Data_1159.txt,0,,,,,,,,
Sample_Capstone_Output_Data_1160.txt,0,,,,,,,,
Sample_Capstone_Output_Data_1161.txt,0,,,,,,,,
Sample_Capstone_Output_Data_1162.txt,0,,,,,,,,
Sample_Capstone_Output_Data_1163.txt,0,,,,,,,,
Sample_Capstone_Output_Data_1164.txt,0,,,,,,,,
Sample_Capstone_Output_Data_1165.txt,0,,,,,,,,
Sample_Capstone_Output_Data_1166.txt,0,,,,,,,,
Sample_Capstone_Output_Data_1167.txt,0,,,,,,,,
Sample_Capstone_Output_Data_1168.txt,0,,,,,,,,
Sample_Capstone_Output_Data_1169.txt,0,,,,,,,,
Sample_Capstone_Output_Data_1170.txt,0,,,,,,,,
Sample_Capstone_Output_Data_1171.txt,0,,,,,,,,
Sample_Capstone_Output_Data_1172.txt,0,,,,,,,,
Sample_Capstone_Output_Data_1173.txt,0,,,,,,,,
Sample_Capstone_Output_Data_1174.txt,0,,,,,,,,
Sample_Capstone_Output_Data_1175.txt,0,,,,,,,,
Sample_Capstone_Output_Data_1176.txt,0,,,,,,,,
Sample_Capstone_Output_Data_1177.txt,1,,,,,,,,
Sample_Capstone_Output_Data_1178.txt,0,,,,,,,,
Sample_Capstone_Output_Data_1179.txt,1,,,,,,,,
Sample_Capstone_Output_Data_1180.txt,1,,,,,,,,
Sample_Capstone_Output_Data_1181.txt,1,,,,,,,,
Sample_Capstone_Output_Data_1182.txt,0,,,,,,,,
Sample_Capstone_Output_Data_1183.txt,1,,,,,,,,
Sample_Capstone_Output_Data_1184.txt,1,,,,,,,,
Sample_Capstone_Output_Data_1185.txt,1,,,,,,,,
Sample_Capstone_Output_Data_1186.txt,0,,,,,,,,
Sample_Capstone_Output_Data_1187.txt,0,,,,,,,,
Sample_Capstone_Output_Data_1188.txt,1,,,,,,,,
Sample_Capstone_Output_Data_1189.txt,1,,,,,,,,
Sample_Capstone_Output_Data_1190.txt,0,,,,,,,,
Sample_Capstone_Output_Data_1191.txt,0,,,,,,,,
Sample_Capstone_Output_Data_1192.txt,1,,,,,,,,
Sample_Capstone_Output_Data_1193.txt,1,,,,,,,,
Sample_Capstone_Output_Data_1194.txt,0,,,,,,,,
Sample_Capstone_Output_Data_1195.txt,0,,,,,,,,
Sample_Capstone_Output_Data_1196.txt,1,,,,,,,,
Sample_Capstone_Output_Data_1197.txt,1,,,,,,,,
Sample_Capstone_Output_Data_1198.txt,0,,,,,,,,
Sample_Capstone_Output_Data_1199.txt,0,,,,,,,,
Sample_Capstone_Output_Data_1200.txt,1,,,,,,,,
Sample_Capstone_Output_Data_1201.txt,1,,,,,,,,
Sample_Capstone_Output_Data_1202.txt,0,,,,,,,,
Sample_Capstone_Output_Data_1203.txt,0,,,,,,,,
Sample_Capstone_Output_Data_1204.txt,1,,,,,,,,
Sample_Capstone_Output_Data_1205.txt,1,,,,,,,,
Sample_Capstone_Output_Data_1206.txt,0,,,,,,,,
Sample_Capstone_Output_Data_1207.txt,1,,,,,,,,
Sample_Capstone_Output_Data_1208.txt,1,,,,,,,,
Sample_Capstone_Output_Data_1209.txt,1,,,,,,,,
Sample_Capstone_Output_Data_1210.txt,0,,,,,,,,
Sample_Capstone_Output_Data_1211.txt,1,,,,,,,,
Sample_Capstone_Output_Data_1212.txt,1,,,,,,,,
Sample_Capstone_Output_Data_1213.txt,1,,,,,,,,
Sample_Capstone_Output_Data_1214.txt,0,,,,,,,,
Sample_Capstone_Output_Data_1215.txt,0,,,,,,,,
Sample_Capstone_Output_Data_1216.txt,1,,,,,,,,
Sample_Capstone_Output_Data_1217.txt,1,,,,,,,,
Sample_Capstone_Output_Data_1218.txt,0,,,,,,,,
Sample_Capstone_Output_Data_1219.txt,0,,,,,,,,
Sample_Capstone_Output_Data_1220.txt,1,,,,,,,,
Sample_Capstone_Output_Data_1221.txt,1,,,,,,,,
Sample_Capstone_Output_Data_1222.txt,0,,,,,,,,
Sample_Capstone_Output_Data_1223.txt,0,,,,,,,,
Sample_Capstone_Output_Data_1224.txt,1,,,,,,,,
Sample_Capstone_Output_Data_1225.txt,1,,,,,,,,
Sample_Capstone_Output_Data_1226.txt,0,,,,,,,,
Sample_Capstone_Output_Data_1227.txt,0,,,,,,,,
Sample_Capstone_Output_Data_1228.txt,1,,,,,,,,
Sample_Capstone_Output_Data_1229.txt,1,,,,,,,,
Sample_Capstone_Output_Data_1230.txt,0,,,,,,,,
Sample_Capstone_Output_Data_1231.txt,0,,,,,,,,
Sample_Capstone_Output_Data_1232.txt,1,,,,,,,,
Sample_Capstone_Output_Data_1233.txt,1,,,,,,,,
Sample_Capstone_Output_Data_1234.txt,0,,,,,,,,
Sample_Capstone_Output_Data_1235.txt,1,,,,,,,,
Sample_Capstone_Output_Data_1236.txt,1,,,,,,,,
Sample_Capstone_Output_Data_1237.txt,1,,,,,,,,
Sample_Capstone_Output_Data_1238.txt,0,,,,,,,,
Sample_Capstone_Output_Data_1239.txt,1,,,,,,,,
Sample_Capstone_Output_Data_1240.txt,1,,,,,,,,
Sample_Capstone_Output_Data_1241.txt,1,,,,,,,,
Sample_Capstone_Output_Data_1242.txt,0,,,,,,,,
Sample_Capstone_Output_Data_1243.txt,0,,,,,,,,
Sample_Capstone_Output_Data_1244.txt,1,,,,,,,,
Sample_Capstone_Output_Data_1245.txt,1,,,,,,,,
Sample_Capstone_Output_Data_1246.txt,0,,,,,,,,
Sample_Capstone_Output_Data_1247.txt,0,,,,,,,,
Sample_Capstone_Output_Data_1248.txt,1,,,,,,,,
Sample_Capstone_Output_Data_1249.txt,1,,,,,,,,
Sample_Capstone_Output_Data_1250.txt,0,,,,,,,,
Sample_Capstone_Output_Data_1251.txt,0,,,,,,,,
Sample_Capstone_Output_Data_1252.txt,1,,,,,,,,
Sample_Capstone_Output_Data_1253.txt,1,,,,,,,,
Sample_Capstone_Output_Data_1254.txt,0,,,,,,,,
Sample_Capstone_Output_Data_1255.txt,0,,,,,,,,
Sample_Capstone_Output_Data_1256.txt,1,,,,,,,,
Sample_Capstone_Output_Data_1257.txt,1,,,,,,,,
Sample_Capstone_Output_Data_1258.txt,0,,,,,,,,
Sample_Capstone_Output_Data_1259.txt,0,,,,,,,,
Sample_Capstone_Output_Data_1260.txt,1,,,,,,,,
Sample_Capstone_Output_Data_1261.txt,0,,,,,,,,
Sample_Capstone_Output_Data_1262.txt,0,,,,,,,,
Sample_Capstone_Output_Data_1263.txt,1,,,,,,,,
Sample_Capstone_Output_Data_1264.txt,1,,,,,,,,
Sample_Capstone_Output_Data_1265.txt,0,,,,,,,,
Sample_Capstone_Output_Data_1266.txt,0,,,,,,,,
Sample_Capstone_Output_Data_1267.txt,1,,,,,,,,
Sample_Capstone_Output_Data_1268.txt,1,,,,,,,,
Sample_Capstone_Output_Data_1269.txt,0,,,,,,,,
Sample_Capstone_Output_Data_1270.txt,0,,,,,,,,
Sample_Capstone_Output_Data_1271.txt,1,,,,,,,,
Sample_Capstone_Output_Data_1272.txt,1,,,,,,,,
Sample_Capstone_Output_Data_1273.txt,0,,,,,,,,
Sample_Capstone_Output_Data_1274.txt,0,,,,,,,,
Sample_Capstone_Output_Data_1275.txt,1,,,,,,,,
Sample_Capstone_Output_Data_1276.txt,1,,,,,,,,
Sample_Capstone_Output_Data_1277.txt,0,,,,,,,,
Sample_Capstone_Output_Data_1278.txt,0,,,,,,,,
Sample_Capstone_Output_Data_1279.txt,1,,,,,,,,
Sample_Capstone_Output_Data_1280.txt,1,,,,,,,,
Sample_Capstone_Output_Data_1281.txt,0,,,,,,,,
Sample_Capstone_Output_Data_1282.txt,0,,,,,,,,
Sample_Capstone_Output_Data_1283.txt,0,,,,,,,,
Sample_Capstone_Output_Data_1284.txt,1,,,,,,,,
Sample_Capstone_Output_Data_1285.txt,0,,,,,,,,
Sample_Capstone_Output_Data_1286.txt,0,,,,,,,,
Sample_Capstone_Output_Data_1287.txt,0,,,,,,,,
Sample_Capstone_Output_Data_1288.txt,1,,,,,,,,
Sample_Capstone_Output_Data_1289.txt,0,,,,,,,,
Sample_Capstone_Output_Data_1290.txt,0,,,,,,,,
Sample_Capstone_Output_Data_1291.txt,1,,,,,,,,
Sample_Capstone_Output_Data_1292.txt,1,,,,,,,,
Sample_Capstone_Output_Data_1293.txt,0,,,,,,,,
Sample_Capstone_Output_Data_1294.txt,0,,,,,,,,
Sample_Capstone_Output_Data_1295.txt,1,,,,,,,,
Sample_Capstone_Output_Data_1296.txt,1,,,,,,,,
Sample_Capstone_Output_Data_1297.txt,0,,,,,,,,
Sample_Capstone_Output_Data_1298.txt,0,,,,,,,,
Sample_Capstone_Output_Data_1299.txt,1,,,,,,,,
Sample_Capstone_Output_Data_1300.txt,1,,,,,,,,
Sample_Capstone_Output_Data_1301.txt,0,,,,,,,,
Sample_Capstone_Output_Data_1302.txt,0,,,,,,,,
Sample_Capstone_Output_Data_1303.txt,1,,,,,,,,
Sample_Capstone_Output_Data_1304.txt,1,,,,,,,,
Sample_Capstone_Output_Data_1305.txt,0,,,,,,,,
Sample_Capstone_Output_Data_1306.txt,0,,,,,,,,
Sample_Capstone_Output_Data_1307.txt,1,,,,,,,,
Sample_Capstone_Output_Data_1308.txt,1,,,,,,,,
Sample_Capstone_Output_Data_1309.txt,0,,,,,,,,
Sample_Capstone_Output_Data_1310.txt,0,,,,,,,,
Sample_Capstone_Output_Data_1311.txt,0,,,,,,,,
Sample_Capstone_Output_Data_1312.txt,1,,,,,,,,
Sample_Capstone_Output_Data_1313.txt,0,,,,,,,,
Sample_Capstone_Output_Data_1314.txt,0,,,,,,,,
Sample_Capstone_Output_Data_1315.txt,0,,,,,,,,
Sample_Capstone_Output_Data_1316.txt,1,,,,,,,,
Sample_Capstone_Output_Data_1317.txt,0,,,,,,,,
Sample_Capstone_Output_Data_1318.txt,0,,,,,,,,
Sample_Capstone_Output_Data_1319.txt,1,,,,,,,,
Sample_Capstone_Output_Data_1320.txt,1,,,,,,,,
Sample_Capstone_Output_Data_1321.txt,0,,,,,,,,
Sample_Capstone_Output_Data_1322.txt,0,,,,,,,,
Sample_Capstone_Output_Data_1323.txt,1,,,,,,,,
Sample_Capstone_Output_Data_1324.txt,1,,,,,,,,
Sample_Capstone_Output_Data_1325.txt,0,,,,,,,,
Sample_Capstone_Output_Data_1326.txt,0,,,,,,,,
Sample_Capstone_Output_Data_1327.txt,1,,,,,,,,
Sample_Capstone_Output_Data_1328.txt,1,,,,,,,,
Sample_Capstone_Output_Data_1329.txt,0,,,,,,,,
Sample_Capstone_Output_Data_1330.txt,0,,,,,,,,
Sample_Capstone_Output_Data_1331.txt,1,,,,,,,,
Sample_Capstone_Output_Data_1332.txt,1,,,,,,,,
Sample_Capstone_Output_Data_1333.txt,0,,,,,,,,
Sample_Capstone_Output_Data_1334.txt,0,,,,,,,,
Sample_Capstone_Output_Data_1335.txt,1,,,,,,,,
Sample_Capstone_Output_Data_1336.txt,1,,,,,,,,
Sample_Capstone_Output_Data_1337.txt,0,,,,,,,,
Sample_Capstone_Output_Data_1338.txt,0,,,,,,,,
Sample_Capstone_Output_Data_1339.txt,0,,,,,,,,
Sample_Capstone_Output_Data_1340.txt,1,,,,,,,,
Sample_Capstone_Output_Data_1341.txt,0,,,,,,,,
Sample_Capstone_Output_Data_1342.txt,0,,,,,,,,
Sample_Capstone_Output_Data_1343.txt,0,,,,,,,,
Sample_Capstone_Output_Data_1344.txt,1,,,,,,,,
Sample_Capstone_Output_Data_1345.txt,0,,,,,,,,
Sample_Capstone_Output_Data_1346.txt,0,,,,,,,,
Sample_Capstone_Output_Data_1347.txt,0,,,,,,,,
Sample_Capstone_Output_Data_1348.txt,1,,,,,,,,
Sample_Capstone_Output_Data_1349.txt,0,,,,,,,,
Sample_Capstone_Output_Data_1350.txt,0,,,,,,,,
Sample_Capstone_Output_Data_1351.txt,0,,,,,,,,
Sample_Capstone_Output_Data_1352.txt,1,,,,,,,,
Sample_Capstone_Output_Data_1353.txt,0,,,,,,,,
Sample_Capstone_Output_Data_1354.txt,0,,,,,,,,
Sample_Capstone_Output_Data_1355.txt,0,,,,,,,,
Sample_Capstone_Output_Data_1356.txt,1,,,,,,,,
Sample_Capstone_Output_Data_1357.txt,0,,,,,,,,
Sample_Capstone_Output_Data_1358.txt,0,,,,,,,,
Sample_Capstone_Output_Data_1359.txt,0,,,,,,,,
Sample_Capstone_Output_Data_1360.txt,1,,,,,,,,
Sample_Capstone_Output_Data_1361.txt,0,,,,,,,,
Sample_Capstone_Output_Data_1362.txt,0,,,,,,,,
Sample_Capstone_Output_Data_1363.txt,0,,,,,,,,
Sample_Capstone_Output_Data_1364.txt,1,,,,,,,,
Sample_Capstone_Output_Data_1365.txt,0,,,,,,,,
Sample_Capstone_Output_Data_1366.txt,0,,,,,,,,
Sample_Capstone_Output_Data_1367.txt,0,,,,,,,,
Sample_Capstone_Output_Data_1368.txt,1,,,,,,,,
Sample_Capstone_Output_Data_1369.txt,0,,,,,,,,
Sample_Capstone_Output_Data_1370.txt,0,,,,,,,,
Sample_Capstone_Output_Data_1371.txt,0,,,,,,,,
Sample_Capstone_Output_Data_1372.txt,1,,,,,,,,
Sample_Capstone_Output_Data_1373.txt,0,,,,,,,,
Sample_Capstone_Output_Data_1374.txt,0,,,,,,,,
Sample_Capstone_Output_Data_1375.txt,0,,,,,,,,
Sample_Capstone_Output_Data_1376.txt,1,,,,,,,,
Sample_Capstone_Output_Data_1377.txt,0,,,,,,,,
Sample_Capstone_Output_Data_1378.txt,0,,,,,,,,
Sample_Capstone_Output_Data_1379.txt,0,,,,,,,,
Sample_Capstone_Output_Data_1380.txt,1,,,,,,,,
Sample_Capstone_Output_Data_1381.txt,0,,,,,,,,
Sample_Capstone_Output_Data_1382.txt,0,,,,,,,,
Sample_Capstone_Output_Data_1383.txt,0,,,,,,,,
Sample_Capstone_Output_Data_1384.txt,1,,,,,,,,
Sample_Capstone_Output_Data_1385.txt,0,,,,,,,,
Sample_Capstone_Output_Data_1386.txt,0,,,,,,,,
Sample_Capstone_Output_Data_1387.txt,0,,,,,,,,
Sample_Capstone_Output_Data_1388.txt,1,,,,,,,,
Sample_Capstone_Output_Data_1389.txt,0,,,,,,,,
Sample_Capstone_Output_Data_1390.txt,0,,,,,,,,
Sample_Capstone_Output_Data_1391.txt,0,,,,,,,,
Sample_Capstone_Output_Data_1392.txt,1,,,,,,,,
Sample_Capstone_Output_Data_1393.txt,0,,,,,,,,
Sample_Capstone_Output_Data_1394.txt,0,,,,,,,,
Sample_Capstone_Output_Data_1395.txt,0,,,,,,,,
Sample_Capstone_Output_Data_1396.txt,1,,,,,,,,
Sample_Capstone_Output_Data_1397.txt,0,,,,,,,,
Sample_Capstone_Output_Data_1398.txt,0,,,,,,,,
Sample_Capstone_Output_Data_1399.txt,0,,,,,,,,
Sample_Capstone_Output_Data_1400.txt,1,,,,,,,,
Sample_Capstone_Output_Data_1401.txt,0,,,,,,,,
Sample_Capstone_Output_Data_1402.txt,0,,,,,,,,
Sample_Capstone_Output_Data_1403.txt,0,,,,,,,,
Sample_Capstone_Output_Data_1404.txt,1,,,,,,,,
Sample_Capstone_Output_Data_1405.txt,0,,,,,,,,
Sample_Capstone_Output_Data_1406.txt,0,,,,,,,,
Sample_Capstone_Output_Data_1407.txt,0,,,,,,,,
Sample_Capstone_Output_Data_1408.txt,1,,,,,,,,
Sample_Capstone_Output_Data_1409.txt,0,,,,,,,,
Sample_Capstone_Output_Data_1410.txt,0,,,,,,,,
Sample_Capstone_Output_Data_1411.txt,0,,,,,,,,
Sample_Capstone_Output_Data_1412.txt,1,,,,,,,,
Sample_Capstone_Output_Data_1413.txt,0,,,,,,,,
Sample_Capstone_Output_Data_1414.txt,0,,,,,,,,
Sample_Capstone_Output_Data_1415.txt,0,,,,,,,,
Sample_Capstone_Output_Data_1416.txt,1,,,,,,,,
Sample_Capstone_Output_Data_1417.txt,0,,,,,,,,
Sample_Capstone_Output_Data_1418.txt,0,,,,,,,,
Sample_Capstone_Output_Data_1419.txt,0,,,,,,,,
Sample_Capstone_Output_Data_1420.txt,1,,,,,,,,
Sample_Capstone_Output_Data_1421.txt,0,,,,,,,,
Sample_Capstone_Output_Data_1422.txt,0,,,,,,,,
Sample_Capstone_Output_Data_1423.txt,0,,,,,,,,
Sample_Capstone_Output_Data_1424.txt,1,,,,,,,,
Sample_Capstone_Output_Data_1425.txt,0,,,,,,,,
Sample_Capstone_Output_Data_1426.txt,0,,,,,,,,
Sample_Capstone_Output_Data_1427.txt,0,,,,,,,,
Sample_Capstone_Output_Data_1428.txt,1,,,,,,,,
Sample_Capstone_Output_Data_1429.txt,0,,,,,,,,
Sample_Capstone_Output_Data_1430.txt,1,,,,,,,,
Sample_Capstone_Output_Data_1431.txt,1,,,,,,,,
Sample_Capstone_Output_Data_1432.txt,1,,,,,,,,
Sample_Capstone_Output_Data_1433.txt,0,,,,,,,,
Sample_Capstone_Output_Data_1434.txt,1,,,,,,,,
Sample_Capstone_Output_Data_1435.txt,1,,,,,,,,
Sample_Capstone_Output_Data_1436.txt,1,,,,,,,,
Sample_Capstone_Output_Data_1437.txt,0,,,,,,,,
Sample_Capstone_Output_Data_1438.txt,1,,,,,,,,
Sample_Capstone_Output_Data_1439.txt,1,,,,,,,,
Sample_Capstone_Output_Data_1440.txt,1,,,,,,,,
Sample_Capstone_Output_Data_1441.txt,0,,,,,,,,
Sample_Capstone_Output_Data_1442.txt,1,,,,,,,,
Sample_Capstone_Output_Data_1443.txt,1,,,,,,,,
Sample_Capstone_Output_Data_1444.txt,1,,,,,,,,
Sample_Capstone_Output_Data_1445.txt,0,,,,,,,,
Sample_Capstone_Output_Data_1446.txt,1,,,,,,,,
Sample_Capstone_Output_Data_1447.txt,1,,,,,,,,
Sample_Capstone_Output_Data_1448.txt,1,,,,,,,,
Sample_Capstone_Output_Data_1449.txt,0,,,,,,,,
Sample_Capstone_Output_Data_1450.txt,1,,,,,,,,
Sample_Capstone_Output_Data_1451.txt,1,,,,,,,,
Sample_Capstone_Output_Data_1452.txt,0,,,,,,,,
Sample_Capstone_Output_Data_1453.txt,0,,,,,,,,
Sample_Capstone_Output_Data_1454.txt,1,,,,,,,,
Sample_Capstone_Output_Data_1455.txt,1,,,,,,,,
Sample_Capstone_Output_Data_1456.txt,0,,,,,,,,
Sample_Capstone_Output_Data_1457.txt,0,,,,,,,,
Sample_Capstone_Output_Data_1458.txt,1,,,,,,,,
Sample_Capstone_Output_Data_1459.txt,1,,,,,,,,
Sample_Capstone_Output_Data_1460.txt,1,,,,,,,,
Sample_Capstone_Output_Data_1461.txt,0,,,,,,,,
Sample_Capstone_Output_Data_1462.txt,1,,,,,,,,
Sample_Capstone_Output_Data_1463.txt,1,,,,,,,,
Sample_Capstone_Output_Data_1464.txt,1,,,,,,,,
Sample_Capstone_Output_Data_1465.txt,0,,,,,,,,
Sample_Capstone_Output_Data_1466.txt,1,,,,,,,,
Sample_Capstone_Output_Data_1467.txt,1,,,,,,,,
Sample_Capstone_Output_Data_1468.txt,1,,,,,,,,
Sample_Capstone_Output_Data_1469.txt,0,,,,,,,,
Sample_Capstone_Output_Data_1470.txt,1,,,,,,,,
Sample_Capstone_Output_Data_1471.txt,1,,,,,,,,
Sample_Capstone_Output_Data_1472.txt,1,,,,,,,,
Sample_Capstone_Output_Data_1473.txt,0,,,,,,,,
Sample_Capstone_Output_Data_1474.txt,1,,,,,,,,
Sample_Capstone_Output_Data_1475.txt,1,,,,,,,,
Sample_Capstone_Output_Data_1476.txt,1,,,,,,,,
Sample_Capstone_Output_Data_1477.txt,0,,,,,,,,
Sample_Capstone_Output_Data_1478.txt,1,,,,,,,,
Sample_Capstone_Output_Data_1479.txt,1,,,,,,,,
Sample_Capstone_Output_Data_1480.txt,0,,,,,,,,
Sample_Capstone_Output_Data_1481.txt,0,,,,,,,,
Sample_Capstone_Output_Data_1482.txt,1,,,,,,,,
Sample_Capstone_Output_Data_1483.txt,1,,,,,,,,
Sample_Capstone_Output_Data_1484.txt,0,,,,,,,,
Sample_Capstone_Output_Data_1485.txt,0,,,,,,,,
Sample_Capstone_Output_Data_1486.txt,1,,,,,,,,
Sample_Capstone_Output_Data_1487.txt,1,,,,,,,,
Sample_Capstone_Output_Data_1488.txt,1,,,,,,,,
Sample_Capstone_Output_Data_1489.txt,0,,,,,,,,
Sample_Capstone_Output_Data_1490.txt,1,,,,,,,,
Sample_Capstone_Output_Data_1491.txt,1,,,,,,,,
Sample_Capstone_Output_Data_1492.txt,1,,,,,,,,
Sample_Capstone_Output_Data_1493.txt,0,,,,,,,,
Sample_Capstone_Output_Data_1494.txt,1,,,,,,,,
Sample_Capstone_Output_Data_1495.txt,1,,,,,,,,
Sample_Capstone_Output_Data_1496.txt,1,,,,,,,,
Sample_Capstone_Output_Data_1497.txt,0,,,,,,,,
Sample_Capstone_Output_Data_1498.txt,1,,,,,,,,
Sample_Capstone_Output_Data_1499.txt,1,,,,,,,,
Sample_Capstone_Output_Data_1500.txt,1,,,,,,,,
Sample_Capstone_Output_Data_1501.txt,0,,,,,,,,
Sample_Capstone_Output_Data_1502.txt,1,,,,,,,,
Sample_Capstone_Output_Data_1503.txt,1,,,,,,,,
Sample_Capstone_Output_Data_1504.txt,1,,,,,,,,
Sample_Capstone_Output_Data_1505.txt,0,,,,,,,,
Sample_Capstone_Output_Data_1506.txt,1,,,,,,,,
Sample_Capstone_Output_Data_1507.txt,1,,,,,,,,
Sample_Capstone_Output_Data_1508.txt,0,,,,,,,,
Sample_Capstone_Output_Data_1509.txt,0,,,,,,,,
Sample_Capstone_Output_Data_1510.txt,1,,,,,,,,
Sample_Capstone_Output_Data_1511.txt,1,,,,,,,,
Sample_Capstone_Output_Data_1512.txt,0,,,,,,,,
Sample_Capstone_Output_Data_1513.txt,0,,,,,,,,
Sample_Capstone_Output_Data_1514.txt,0,,,,,,,,
Sample_Capstone_Output_Data_1515.txt,0,,,,,,,,
Sample_Capstone_Output_Data_1516.txt,0,,,,,,,,
Sample_Capstone_Output_Data_1517.txt,0,,,,,,,,
Sample_Capstone_Output_Data_1518.txt,0,,,,,,,,
Sample_Capstone_Output_Data_1519.txt,0,,,,,,,,
Sample_Capstone_Output_Data_1520.txt,0,,,,,,,,
Sample_Capstone_Output_Data_1521.txt,0,,,,,,,,
Sample_Capstone_Output_Data_1522.txt,0,,,,,,,,
Sample_Capstone_Output_Data_1523.txt,0,,,,,,,,
Sample_Capstone_Output_Data_1524.txt,0,,,,,,,,
Sample_Capstone_Output_Data_1525.txt,0,,,,,,,,
Sample_Capstone_Output_Data_1526.txt,0,,,,,,,,
Sample_Capstone_Output_Data_1527.txt,0,,,,,,,,
Sample_Capstone_Output_Data_1528.txt,0,,,,,,,,
Sample_Capstone_Output_Data_1529.txt,0,,,,,,,,
Sample_Capstone_Output_Data_1530.txt,0,,,,,,,,
Sample_Capstone_Output_Data_1531.txt,0,,,,,,,,
Sample_Capstone_Output_Data_1532.txt,0,,,,,,,,
Sample_Capstone_Output_Data_1533.txt,0,,,,,,,,
Sample_Capstone_Output_Data_1534.txt,0,,,,,,,,
Sample_Capstone_Output_Data_1535.txt,0,,,,,,,,
Sample_Capstone_Output_Data_1536.txt,0,,,,,,,,
Sample_Capstone_Output_Data_1537.txt,0,,,,,,,,
Sample_Capstone_Output_Data_1538.txt,0,,,,,,,,
Sample_Capstone_Output_Data_1539.txt,0,,,,,,,,
Sample_Capstone_Output_Data_1540.txt,0,,,,,,,,
Sample_Capstone_Output_Data_1541.txt,0,,,,,,,,
Sample_Capstone_Output_Data_1542.txt,0,,,,,,,,
Sample_Capstone_Output_Data_1543.txt,0,,,,,,,,
Sample_Capstone_Output_Data_1544.txt,0,,,,,,,,
Sample_Capstone_Output_Data_1545.txt,0,,,,,,,,
Sample_Capstone_Output_Data_1546.txt,0,,,,,,,,
Sample_Capstone_Output_Data_1547.txt,0,,,,,,,,
Sample_Capstone_Output_Data_1548.txt,0,,,,,,,,
Sample_Capstone_Output_Data_1549.txt,0,,,,,,,,
Sample_Capstone_Output_Data_1550.txt,0,,,,,,,,
Sample_Capstone_Output_Data_1551.txt,0,,,,,,,,
Sample_Capstone_Output_Data_1552.txt,0,,,,,,,,
Sample_Capstone_Output_Data_1553.txt,0,,,,,,,,
Sample_Capstone_Output_Data_1554.txt,0,,,,,,,,
Sample_Capstone_Output_Data_1555.txt,0,,,,,,,,
Sample_Capstone_Output_Data_1556.txt,0,,,,,,,,
Sample_Capstone_Output_Data_1557.txt,0,,,,,,,,
Sample_Capstone_Output_Data_1558.txt,0,,,,,,,,
Sample_Capstone_Output_Data_1559.txt,0,,,,,,,,
Sample_Capstone_Output_Data_1560.txt,0,,,,,,,,
Sample_Capstone_Output_Data_1561.txt,0,,,,,,,,
Sample_Capstone_Output_Data_1562.txt,0,,,,,,,,
Sample_Capstone_Output_Data_1563.txt,0,,,,,,,,
Sample_Capstone_Output_Data_1564.txt,0,,,,,,,,
Sample_Capstone_Output_Data_1565.txt,0,,,,,,,,
Sample_Capstone_Output_Data_1566.txt,0,,,,,,,,
Sample_Capstone_Output_Data_1567.txt,0,,,,,,,,
Sample_Capstone_Output_Data_1568.txt,0,,,,,,,,
Sample_Capstone_Output_Data_1569.txt,0,,,,,,,,
Sample_Capstone_Output_Data_1570.txt,0,,,,,,,,
Sample_Capstone_Output_Data_1571.txt,0,,,,,,,,
Sample_Capstone_Output_Data_1572.txt,0,,,,,,,,
Sample_Capstone_Output_Data_1573.txt,0,,,,,,,,
Sample_Capstone_Output_Data_1574.txt,0,,,,,,,,
Sample_Capstone_Output_Data_1575.txt,0,,,,,,,,
Sample_Capstone_Output_Data_1576.txt,0,,,,,,,,
Sample_Capstone_Output_Data_1577.txt,0,,,,,,,,
Sample_Capstone_Output_Data_1578.txt,0,,,,,,,,
Sample_Capstone_Output_Data_1579.txt,0,,,,,,,,
Sample_Capstone_Output_Data_1580.txt,0,,,,,,,,
Sample_Capstone_Output_Data_1581.txt,0,,,,,,,,
Sample_Capstone_Output_Data_1582.txt,0,,,,,,,,
Sample_Capstone_Output_Data_1583.txt,0,,,,,,,,
Sample_Capstone_Output_Data_1584.txt,0,,,,,,,,
Sample_Capstone_Output_Data_1585.txt,0,,,,,,,,
Sample_Capstone_Output_Data_1586.txt,0,,,,,,,,
Sample_Capstone_Output_Data_1587.txt,0,,,,,,,,
Sample_Capstone_Output_Data_1588.txt,0,,,,,,,,
Sample_Capstone_Output_Data_1589.txt,0,,,,,,,,
Sample_Capstone_Output_Data_1590.txt,0,,,,,,,,
Sample_Capstone_Output_Data_1591.txt,0,,,,,,,,
Sample_Capstone_Output_Data_1592.txt,0,,,,,,,,
Sample_Capstone_Output_Data_1593.txt,0,,,,,,,,
Sample_Capstone_Output_Data_1594.txt,0,,,,,,,,
Sample_Capstone_Output_Data_1595.txt,0,,,,,,,,
Sample_Capstone_Output_Data_1596.txt,0,,,,,,,,
Sample_Capstone_Output_Data_1597.txt,0,,,,,,,,
Sample_Capstone_Output_Data_1598.txt,0,,,,,,,,
Sample_Capstone_Output_Data_1599.txt,0,,,,,,,,
Sample_Capstone_Output_Data_1600.txt,0,,,,,,,,
Sample_Capstone_Output_Data_1601.txt,0,,,,,,,,
Sample_Capstone_Output_Data_1602.txt,0,,,,,,,,
Sample_Capstone_Output_Data_1603.txt,0,,,,,,,,
Sample_Capstone_Output_Data_1604.txt,0,,,,,,,,
Sample_Capstone_Output_Data_1605.txt,0,,,,,,,,
Sample_Capstone_Output_Data_1606.txt,0,,,,,,,,
Sample_Capstone_Output_Data_1607.txt,0,,,,,,,,
Sample_Capstone_Output_Data_1608.txt,0,,,,,,,,
Sample_Capstone_Output_Data_1609.txt,0,,,,,,,,
Sample_Capstone_Output_Data_1610.txt,0,,,,,,,,
Sample_Capstone_Output_Data_1611.txt,0,,,,,,,,
Sample_Capstone_Output_Data_1612.txt,0,,,,,,,,
Sample_Capstone_Output_Data_1613.txt,0,,,,,,,,
Sample_Capstone_Output_Data_1614.txt,0,,,,,,,,
Sample_Capstone_Output_Data_1615.txt,0,,,,,,,,
Sample_Capstone_Output_Data_1616.txt,0,,,,,,,,
Sample_Capstone_Output_Data_1617.txt,0,,,,,,,,
Sample_Capstone_Output_Data_1618.txt,0,,,,,,,,
Sample_Capstone_Output_Data_1619.txt,0,,,,,,,,
Sample_Capstone_Output_Data_1620.txt,0,,,,,,,,
Sample_Capstone_Output_Data_1621.txt,0,,,,,,,,
Sample_Capstone_Output_Data_1622.txt,0,,,,,,,,
Sample_Capstone_Output_Data_1623.txt,0,,,,,,,,
Sample_Capstone_Output_Data_1624.txt,0,,,,,,,,
Sample_Capstone_Output_Data_1625.txt,0,,,,,,,,
Sample_Capstone_Output_Data_1626.txt,0,,,,,,,,
Sample_Capstone_Output_Data_1627.txt,0,,,,,,,,
Sample_Capstone_Output_Data_1628.txt,0,,,,,,,,
Sample_Capstone_Output_Data_1629.txt,0,,,,,,,,
Sample_Capstone_Output_Data_1630.txt,0,,,,,,,,
Sample_Capstone_Output_Data_1631.txt,0,,,,,,,,
Sample_Capstone_Output_Data_1632.txt,0,,,,,,,,
Sample_Capstone_Output_Data_1633.txt,0,,,,,,,,
Sample_Capstone_Output_Data_1634.txt,0,,,,,,,,
Sample_Capstone_Output_Data_1635.txt,0,,,,,,,,
Sample_Capstone_Output_Data_1636.txt,0,,,,,,,,
Sample_Capstone_Output_Data_1637.txt,0,,,,,,,,
Sample_Capstone_Output_Data_1638.txt,0,,,,,,,,
Sample_Capstone_Output_Data_1639.txt,0,,,,,,,,
Sample_Capstone_Output_Data_1640.txt,0,,,,,,,,
Sample_Capstone_Output_Data_1641.txt,0,,,,,,,,
Sample_Capstone_Output_Data_1642.txt,0,,,,,,,,
Sample_Capstone_Output_Data_1643.txt,0,,,,,,,,
Sample_Capstone_Output_Data_1644.txt,0,,,,,,,,
Sample_Capstone_Output_Data_1645.txt,0,,,,,,,,
Sample_Capstone_Output_Data_1646.txt,0,,,,,,,,
Sample_Capstone_Output_Data_1647.txt,0,,,,,,,,
Sample_Capstone_Output_Data_1648.txt,0,,,,,,,,
Sample_Capstone_Output_Data_1649.txt,0,,,,,,,,
Sample_Capstone_Output_Data_1650.txt,0,,,,,,,,
Sample_Capstone_Output_Data_1651.txt,0,,,,,,,,
Sample_Capstone_Output_Data_1652.txt,0,,,,,,,,
Sample_Capstone_Output_Data_1653.txt,0,,,,,,,,
Sample_Capstone_Output_Data_1654.txt,0,,,,,,,,
Sample_Capstone_Output_Data_1655.txt,0,,,,,,,,
Sample_Capstone_Output_Data_1656.txt,0,,,,,,,,
Sample_Capstone_Output_Data_1657.txt,0,,,,,,,,
Sample_Capstone_Output_Data_1658.txt,0,,,,,,,,
Sample_Capstone_Output_Data_1659.txt,0,,,,,,,,
Sample_Capstone_Output_Data_1660.txt,0,,,,,,,,
Sample_Capstone_Output_Data_1661.txt,0,,,,,,,,
Sample_Capstone_Output_Data_1662.txt,0,,,,,,,,
Sample_Capstone_Output_Data_1663.txt,0,,,,,,,,
Sample_Capstone_Output_Data_1664.txt,0,,,,,,,,
Sample_Capstone_Output_Data_1665.txt,0,,,,,,,,
Sample_Capstone_Output_Data_1666.txt,0,,,,,,,,
Sample_Capstone_Output_Data_1667.txt,0,,,,,,,,
Sample_Capstone_Output_Data_1668.txt,0,,,,,,,,
Sample_Capstone_Output_Data_1669.txt,0,,,,,,,,
Sample_Capstone_Output_Data_1670.txt,0,,,,,,,,
Sample_Capstone_Output_Data_1671.txt,0,,,,,,,,
Sample_Capstone_Output_Data_1672.txt,0,,,,,,,,
Sample_Capstone_Output_Data_1673.txt,0,,,,,,,,
Sample_Capstone_Output_Data_1674.txt,0,,,,,,,,
Sample_Capstone_Output_Data_1675.txt,0,,,,,,,,
Sample_Capstone_Output_Data_1676.txt,0,,,,,,,,
Sample_Capstone_Output_Data_1677.txt,0,,,,,,,,
Sample_Capstone_Output_Data_1678.txt,0,,,,,,,,
Sample_Capstone_Output_Data_1679.txt,0,,,,,,,,
Sample_Capstone_Output_Data_1680.txt,0,,,,,,,,
Sample_Capstone_Output_Data_1681.txt,0,,,,,,,,
Sample_Capstone_Output_Data_1682.txt,0,,,,,,,,
Sample_Capstone_Output_Data_1683.txt,0,,,,,,,,
Sample_Capstone_Output_Data_1684.txt,0,,,,,,,,
Sample_Capstone_Output_Data_1685.txt,0,,,,,,,,
Sample_Capstone_Output_Data_1686.txt,0,,,,,,,,
Sample_Capstone_Output_Data_1687.txt,0,,,,,,,,
Sample_Capstone_Output_Data_1688.txt,0,,,,,,,,
Sample_Capstone_Output_Data_1689.txt,0,,,,,,,,
Sample_Capstone_Output_Data_1690.txt,0,,,,,,,,
Sample_Capstone_Output_Data_1691.txt,0,,,,,,,,
Sample_Capstone_Output_Data_1692.txt,0,,,,,,,,
Sample_Capstone_Output_Data_1693.txt,0,,,,,,,,
Sample_Capstone_Output_Data_1694.txt,0,,,,,,,,
Sample_Capstone_Output_Data_1695.txt,0,,,,,,,,
Sample_Capstone_Output_Data_1696.txt,0,,,,,,,,
Sample_Capstone_Output_Data_1697.txt,0,,,,,,,,
Sample_Capstone_Output_Data_1698.txt,0,,,,,,,,
Sample_Capstone_Output_Data_1699.txt,0,,,,,,,,
Sample_Capstone_Output_Data_1700.txt,0,,,,,,,,
Sample_Capstone_Output_Data_1701.txt,0,,,,,,,,
Sample_Capstone_Output_Data_1702.txt,0,,,,,,,,
Sample_Capstone_Output_Data_1703.txt,0,,,,,,,,
Sample_Capstone_Output_Data_1704.txt,0,,,,,,,,
Sample_Capstone_Output_Data_1705.txt,0,,,,,,,,
Sample_Capstone_Output_Data_1706.txt,0,,,,,,,,
Sample_Capstone_Output_Data_1707.txt,0,,,,,,,,
Sample_Capstone_Output_Data_1708.txt,0,,,,,,,,
Sample_Capstone_Output_Data_1709.txt,0,,,,,,,,
Sample_Capstone_Output_Data_1710.txt,0,,,,,,,,
Sample_Capstone_Output_Data_1711.txt,0,,,,,,,,
Sample_Capstone_Output_Data_1712.txt,0,,,,,,,,
Sample_Capstone_Output_Data_1713.txt,0,,,,,,,,
Sample_Capstone_Output_Data_1714.txt,0,,,,,,,,
Sample_Capstone_Output_Data_1715.txt,0,,,,,,,,
Sample_Capstone_Output_Data_1716.txt,0,,,,,,,,
Sample_Capstone_Output_Data_1717.txt,0,,,,,,,,
Sample_Capstone_Output_Data_1718.txt,0,,,,,,,,
Sample_Capstone_Output_Data_1719.txt,0,,,,,,,,
Sample_Capstone_Output_Data_1720.txt,0,,,,,,,,
Sample_Capstone_Output_Data_1721.txt,0,,,,,,,,
Sample_Capstone_Output_Data_1722.txt,0,,,,,,,,
Sample_Capstone_Output_Data_1723.txt,0,,,,,,,,
Sample_Capstone_Output_Data_1724.txt,0,,,,,,,,
Sample_Capstone_Output_Data_1725.txt,0,,,,,,,,
Sample_Capstone_Output_Data_1726.txt,0,,,,,,,,
Sample_Capstone_Output_Data_1727.txt,0,,,,,,,,
Sample_Capstone_Output_Data_1728.txt,0,,,,,,,,
Sample_Capstone_Output_Data_1729.txt,0,,,,,,,,
Sample_Capstone_Output_Data_1730.txt,0,,,,,,,,
Sample_Capstone_Output_Data_1731.txt,0,,,,,,,,
Sample_Capstone_Output_Data_1732.txt,0,,,,,,,,
Sample_Capstone_Output_Data_1733.txt,0,,,,,,,,
Sample_Capstone_Output_Data_1734.txt,0,,,,,,,,
Sample_Capstone_Output_Data_1735.txt,0,,,,,,,,
Sample_Capstone_Output_Data_1736.txt,0,,,,,,,,
Sample_Capstone_Output_Data_1737.txt,0,,,,,,,,
Sample_Capstone_Output_Data_1738.txt,0,,,,,,,,
Sample_Capstone_Output_Data_1739.txt,0,,,,,,,,
Sample_Capstone_Output_Data_1740.txt,0,,,,,,,,
Sample_Capstone_Output_Data_1741.txt,0,,,,,,,,
Sample_Capstone_Output_Data_1742.txt,0,,,,,,,,
Sample_Capstone_Output_Data_1743.txt,0,,,,,,,,
Sample_Capstone_Output_Data_1744.txt,0,,,,,,,,
Sample_Capstone_Output_Data_1745.txt,0,,,,,,,,
Sample_Capstone_Output_Data_1746.txt,0,,,,,,,,
Sample_Capstone_Output_Data_1747.txt,0,,,,,,,,
Sample_Capstone_Output_Data_1748.txt,0,,,,,,,,
Sample_Capstone_Output_Data_1749.txt,0,,,,,,,,
Sample_Capstone_Output_Data_1750.txt,0,,,,,,,,
Sample_Capstone_Output_Data_1751.txt,0,,,,,,,,
Sample_Capstone_Output_Data_1752.txt,0,,,,,,,,
Sample_Capstone_Output_Data_1753.txt,0,,,,,,,,
Sample_Capstone_Output_Data_1754.txt,0,,,,,,,,
Sample_Capstone_Output_Data_1755.txt,0,,,,,,,,
Sample_Capstone_Output_Data_1756.txt,0,,,,,,,,
Sample_Capstone_Output_Data_1757.txt,0,,,,,,,,
Sample_Capstone_Output_Data_1758.txt,0,,,,,,,,
Sample_Capstone_Output_Data_1759.txt,0,,,,,,,,
Sample_Capstone_Output_Data_1760.txt,0,,,,,,,,
Sample_Capstone_Output_Data_1761.txt,0,,,,,,,,
Sample_Capstone_Output_Data_1762.txt,0,,,,,,,,
Sample_Capstone_Output_Data_1763.txt,0,,,,,,,,
Sample_Capstone_Output_Data_1764.txt,0,,,,,,,,
Sample_Capstone_Output_Data_1765.txt,0,,,,,,,,
Sample_Capstone_Output_Data_1766.txt,0,,,,,,,,
Sample_Capstone_Output_Data_1767.txt,0,,,,,,,,
Sample_Capstone_Output_Data_1768.txt,1,,,,,,,,
Sample_Capstone_Output_Data_1769.txt,0,,,,,,,,
Sample_Capstone_Output_Data_1770.txt,0,,,,,,,,
Sample_Capstone_Output_Data_1771.txt,0,,,,,,,,
Sample_Capstone_Output_Data_1772.txt,1,,,,,,,,
Sample_Capstone_Output_Data_1773.txt,0,,,,,,,,
Sample_Capstone_Output_Data_1774.txt,0,,,,,,,,
Sample_Capstone_Output_Data_1775.txt,0,,,,,,,,
Sample_Capstone_Output_Data_1776.txt,1,,,,,,,,
Sample_Capstone_Output_Data_1777.txt,0,,,,,,,,
Sample_Capstone_Output_Data_1778.txt,0,,,,,,,,
Sample_Capstone_Output_Data_1779.txt,0,,,,,,,,
Sample_Capstone_Output_Data_1780.txt,1,,,,,,,,
Sample_Capstone_Output_Data_1781.txt,0,,,,,,,,
Sample_Capstone_Output_Data_1782.txt,0,,,,,,,,
Sample_Capstone_Output_Data_1783.txt,0,,,,,,,,
Sample_Capstone_Output_Data_1784.txt,0,,,,,,,,
Sample_Capstone_Output_Data_1785.txt,0,,,,,,,,
Sample_Capstone_Output_Data_1786.txt,0,,,,,,,,
Sample_Capstone_Output_Data_1787.txt,0,,,,,,,,
Sample_Capstone_Output_Data_1788.txt,0,,,,,,,,
Sample_Capstone_Output_Data_1789.txt,0,,,,,,,,
Sample_Capstone_Output_Data_1790.txt,0,,,,,,,,
Sample_Capstone_Output_Data_1791.txt,0,,,,,,,,
Sample_Capstone_Output_Data_1792.txt,0,,,,,,,,
Sample_Capstone_Output_Data_1793.txt,0,,,,,,,,
Sample_Capstone_Output_Data_1794.txt,0,,,,,,,,
Sample_Capstone_Output_Data_1795.txt,0,,,,,,,,
Sample_Capstone_Output_Data_1796.txt,1,,,,,,,,
Sample_Capstone_Output_Data_1797.txt,0,,,,,,,,
Sample_Capstone_Output_Data_1798.txt,0,,,,,,,,
Sample_Capstone_Output_Data_1799.txt,0,,,,,,,,
Sample_Capstone_Output_Data_1800.txt,1,,,,,,,,
Sample_Capstone_Output_Data_1801.txt,0,,,,,,,,
Sample_Capstone_Output_Data_1802.txt,0,,,,,,,,
Sample_Capstone_Output_Data_1803.txt,0,,,,,,,,
Sample_Capstone_Output_Data_1804.txt,1,,,,,,,,
Sample_Capstone_Output_Data_1805.txt,0,,,,,,,,
Sample_Capstone_Output_Data_1806.txt,0,,,,,,,,
Sample_Capstone_Output_Data_1807.txt,0,,,,,,,,
Sample_Capstone_Output_Data_1808.txt,1,,,,,,,,
Sample_Capstone_Output_Data_1809.txt,0,,,,,,,,
Sample_Capstone_Output_Data_1810.txt,0,,,,,,,,
Sample_Capstone_Output_Data_1811.txt,0,,,,,,,,
Sample_Capstone_Output_Data_1812.txt,0,,,,,,,,
Sample_Capstone_Output_Data_1813.txt,0,,,,,,,,
Sample_Capstone_Output_Data_1814.txt,0,,,,,,,,
Sample_Capstone_Output_Data_1815.txt,0,,,,,,,,
Sample_Capstone_Output_Data_1816.txt,0,,,,,,,,
Sample_Capstone_Output_Data_1817.txt,0,,,,,,,,
Sample_Capstone_Output_Data_1818.txt,0,,,,,,,,
Sample_Capstone_Output_Data_1819.txt,0,,,,,,,,
Sample_Capstone_Output_Data_1820.txt,0,,,,,,,,
Sample_Capstone_Output_Data_1821.txt,0,,,,,,,,
Sample_Capstone_Output_Data_1822.txt,0,,,,,,,,
Sample_Capstone_Output_Data_1823.txt,0,,,,,,,,
Sample_Capstone_Output_Data_1824.txt,1,,,,,,,,
Sample_Capstone_Output_Data_1825.txt,0,,,,,,,,
Sample_Capstone_Output_Data_1826.txt,0,,,,,,,,
Sample_Capstone_Output_Data_1827.txt,0,,,,,,,,
Sample_Capstone_Output_Data_1828.txt,1,,,,,,,,
Sample_Capstone_Output_Data_1829.txt,0,,,,,,,,
Sample_Capstone_Output_Data_1830.txt,0,,,,,,,,
Sample_Capstone_Output_Data_1831.txt,0,,,,,,,,
Sample_Capstone_Output_Data_1832.txt,1,,,,,,,,
Sample_Capstone_Output_Data_1833.txt,0,,,,,,,,
Sample_Capstone_Output_Data_1834.txt,0,,,,,,,,
Sample_Capstone_Output_Data_1835.txt,0,,,,,,,,
Sample_Capstone_Output_Data_1836.txt,1,,,,,,,,
Sample_Capstone_Output_Data_1837.txt,0,,,,,,,,
Sample_Capstone_Output_Data_1838.txt,0,,,,,,,,
Sample_Capstone_Output_Data_1839.txt,0,,,,,,,,
Sample_Capstone_Output_Data_1840.txt,0,,,,,,,,
Sample_Capstone_Output_Data_1841.txt,0,,,,,,,,
Sample_Capstone_Output_Data_1842.txt,0,,,,,,,,
Sample_Capstone_Output_Data_1843.txt,0,,,,,,,,
Sample_Capstone_Output_Data_1844.txt,0,,,,,,,,
Sample_Capstone_Output_Data_1845.txt,0,,,,,,,,
Sample_Capstone_Output_Data_1846.txt,0,,,,,,,,
Sample_Capstone_Output_Data_1847.txt,0,,,,,,,,
Sample_Capstone_Output_Data_1848.txt,0,,,,,,,,
Sample_Capstone_Output_Data_1849.txt,0,,,,,,,,
Sample_Capstone_Output_Data_1850.txt,0,,,,,,,,
Sample_Capstone_Output_Data_1851.txt,0,,,,,,,,
Sample_Capstone_Output_Data_1852.txt,0,,,,,,,,
Sample_Capstone_Output_Data_1853.txt,0,,,,,,,,
Sample_Capstone_Output_Data_1854.txt,0,,,,,,,,
Sample_Capstone_Output_Data_1855.txt,0,,,,,,,,
Sample_Capstone_Output_Data_1856.txt,0,,,,,,,,
Sample_Capstone_Output_Data_1857.txt,0,,,,,,,,
Sample_Capstone_Output_Data_1858.txt,0,,,,,,,,
Sample_Capstone_Output_Data_1859.txt,0,,,,,,,,
Sample_Capstone_Output_Data_1860.txt,0,,,,,,,,
Sample_Capstone_Output_Data_1861.txt,0,,,,,,,,
Sample_Capstone_Output_Data_1862.txt,0,,,,,,,,
Sample_Capstone_Output_Data_1863.txt,0,,,,,,,,
Sample_Capstone_Output_Data_1864.txt,0,,,,,,,,
Sample_Capstone_Output_Data_1865.txt,0,,,,,,,,
Sample_Capstone_Output_Data_1866.txt,0,,,,,,,,
Sample_Capstone_Output_Data_1867.txt,0,,,,,,,,
Sample_Capstone_Output_Data_1868.txt,0,,,,,,,,
Sample_Capstone_Output_Data_1869.txt,0,,,,,,,,
Sample_Capstone_Output_Data_1870.txt,0,,,,,,,,
Sample_Capstone_Output_Data_1871.txt,0,,,,,,,,
Sample_Capstone_Output_Data_1872.txt,0,,,,,,,,
Sample_Capstone_Output_Data_1873.txt,0,,,,,,,,
Sample_Capstone_Output_Data_1874.txt,0,,,,,,,,
Sample_Capstone_Output_Data_1875.txt,0,,,,,,,,
Sample_Capstone_Output_Data_1876.txt,0,,,,,,,,
Sample_Capstone_Output_Data_1877.txt,0,,,,,,,,
Sample_Capstone_Output_Data_1878.txt,0,,,,,,,,
Sample_Capstone_Output_Data_1879.txt,0,,,,,,,,
Sample_Capstone_Output_Data_1880.txt,0,,,,,,,,
Sample_Capstone_Output_Data_1881.txt,0,,,,,,,,
Sample_Capstone_Output_Data_1882.txt,0,,,,,,,,
Sample_Capstone_Output_Data_1883.txt,0,,,,,,,,
Sample_Capstone_Output_Data_1884.txt,0,,,,,,,,
Sample_Capstone_Output_Data_1885.txt,0,,,,,,,,
Sample_Capstone_Output_Data_1886.txt,0,,,,,,,,
Sample_Capstone_Output_Data_1887.txt,0,,,,,,,,
Sample_Capstone_Output_Data_1888.txt,0,,,,,,,,
Sample_Capstone_Output_Data_1889.txt,0,,,,,,,,
Sample_Capstone_Output_Data_1890.txt,0,,,,,,,,
Sample_Capstone_Output_Data_1891.txt,0,,,,,,,,
Sample_Capstone_Output_Data_1892.txt,0,,,,,,,,
Sample_Capstone_Output_Data_1893.txt,0,,,,,,,,
Sample_Capstone_Output_Data_1894.txt,0,,,,,,,,
Sample_Capstone_Output_Data_1895.txt,0,,,,,,,,
Sample_Capstone_Output_Data_1896.txt,0,,,,,,,,
Sample_Capstone_Output_Data_1897.txt,0,,,,,,,,
Sample_Capstone_Output_Data_1898.txt,0,,,,,,,,
Sample_Capstone_Output_Data_1899.txt,0,,,,,,,,
Sample_Capstone_Output_Data_1900.txt,0,,,,,,,,
Sample_Capstone_Output_Data_1901.txt,0,,,,,,,,
Sample_Capstone_Output_Data_1902.txt,0,,,,,,,,
Sample_Capstone_Output_Data_1903.txt,0,,,,,,,,
Sample_Capstone_Output_Data_1904.txt,0,,,,,,,,
Sample_Capstone_Output_Data_1905.txt,0,,,,,,,,
Sample_Capstone_Output_Data_1906.txt,0,,,,,,,,
Sample_Capstone_Output_Data_1907.txt,0,,,,,,,,
Sample_Capstone_Output_Data_1908.txt,0,,,,,,,,
Sample_Capstone_Output_Data_1909.txt,0,,,,,,,,
Sample_Capstone_Output_Data_1910.txt,0,,,,,,,,
Sample_Capstone_Output_Data_1911.txt,0,,,,,,,,
Sample_Capstone_Output_Data_1912.txt,0,,,,,,,,
Sample_Capstone_Output_Data_1913.txt,0,,,,,,,,
Sample_Capstone_Output_Data_1914.txt,0,,,,,,,,
Sample_Capstone_Output_Data_1915.txt,0,,,,,,,,
Sample_Capstone_Output_Data_1916.txt,0,,,,,,,,
Sample_Capstone_Output_Data_1917.txt,0,,,,,,,,
Sample_Capstone_Output_Data_1918.txt,0,,,,,,,,
Sample_Capstone_Output_Data_1919.txt,0,,,,,,,,
Sample_Capstone_Output_Data_1920.txt,0,,,,,,,,
Sample_Capstone_Output_Data_1921.txt,0,,,,,,,,
Sample_Capstone_Output_Data_1922.txt,0,,,,,,,,
Sample_Capstone_Output_Data_1923.txt,0,,,,,,,,
Sample_Capstone_Output_Data_1924.txt,0,,,,,,,,
Sample_Capstone_Output_Data_1925.txt,0,,,,,,,,
Sample_Capstone_Output_Data_1926.txt,0,,,,,,,,
Sample_Capstone_Output_Data_1927.txt,0,,,,,,,,
Sample_Capstone_Output_Data_1928.txt,0,,,,,,,,
Sample_Capstone_Output_Data_1929.txt,0,,,,,,,,
Sample_Capstone_Output_Data_1930.txt,0,,,,,,,,
Sample_Capstone_Output_Data_1931.txt,0,,,,,,,,
Sample_Capstone_Output_Data_1932.txt,0,,,,,,,,
Sample_Capstone_Output_Data_1933.txt,0,,,,,,,,
Sample_Capstone_Output_Data_1934.txt,0,,,,,,,,
Sample_Capstone_Output_Data_1935.txt,1,,,,,,,,
Sample_Capstone_Output_Data_1936.txt,1,,,,,,,,
Sample_Capstone_Output_Data_1937.txt,0,,,,,,,,
Sample_Capstone_Output_Data_1938.txt,0,,,,,,,,
Sample_Capstone_Output_Data_1939.txt,1,,,,,,,,
Sample_Capstone_Output_Data_1940.txt,1,,,,,,,,
Sample_Capstone_Output_Data_1941.txt,0,,,,,,,,
Sample_Capstone_Output_Data_1942.txt,0,,,,,,,,
Sample_Capstone_Output_Data_1943.txt,1,,,,,,,,
Sample_Capstone_Output_Data_1944.txt,1,,,,,,,,
Sample_Capstone_Output_Data_1945.txt,0,,,,,,,,
Sample_Capstone_Output_Data_1946.txt,0,,,,,,,,
Sample_Capstone_Output_Data_1947.txt,1,,,,,,,,
Sample_Capstone_Output_Data_1948.txt,1,,,,,,,,
Sample_Capstone_Output_Data_1949.txt,0,,,,,,,,
Sample_Capstone_Output_Data_1950.txt,0,,,,,,,,
Sample_Capstone_Output_Data_1951.txt,1,,,,,,,,
Sample_Capstone_Output_Data_1952.txt,1,,,,,,,,
Sample_Capstone_Output_Data_1953.txt,0,,,,,,,,
Sample_Capstone_Output_Data_1954.txt,0,,,,,,,,
Sample_Capstone_Output_Data_1955.txt,1,,,,,,,,
Sample_Capstone_Output_Data_1956.txt,1,,,,,,,,
Sample_Capstone_Output_Data_1957.txt,0,,,,,,,,
Sample_Capstone_Output_Data_1958.txt,0,,,,,,,,
Sample_Capstone_Output_Data_1959.txt,1,,,,,,,,
Sample_Capstone_Output_Data_1960.txt,1,,,,,,,,
Sample_Capstone_Output_Data_1961.txt,0,,,,,,,,
Sample_Capstone_Output_Data_1962.txt,0,,,,,,,,
Sample_Capstone_Output_Data_1963.txt,1,,,,,,,,
Sample_Capstone_Output_Data_1964.txt,1,,,,,,,,
Sample_Capstone_Output_Data_1965.txt,0,,,,,,,,
Sample_Capstone_Output_Data_1966.txt,0,,,,,,,,
Sample_Capstone_Output_Data_1967.txt,1,,,,,,,,
Sample_Capstone_Output_Data_1968.txt,1,,,,,,,,
Sample_Capstone_Output_Data_1969.txt,0,,,,,,,,
Sample_Capstone_Output_Data_1970.txt,0,,,,,,,,
Sample_Capstone_Output_Data_1971.txt,1,,,,,,,,
Sample_Capstone_Output_Data_1972.txt,1,,,,,,,,
Sample_Capstone_Output_Data_1973.txt,0,,,,,,,,
Sample_Capstone_Output_Data_1974.txt,0,,,,,,,,
Sample_Capstone_Output_Data_1975.txt,1,,,,,,,,
Sample_Capstone_Output_Data_1976.txt,1,,,,,,,,
Sample_Capstone_Output_Data_1977.txt,0,,,,,,,,
Sample_Capstone_Output_Data_1978.txt,0,,,,,,,,
Sample_Capstone_Output_Data_1979.txt,1,,,,,,,,
Sample_Capstone_Output_Data_1980.txt,1,,,,,,,,
Sample_Capstone_Output_Data_1981.txt,0,,,,,,,,
Sample_Capstone_Output_Data_1982.txt,0,,,,,,,,
Sample_Capstone_Output_Data_1983.txt,1,,,,,,,,
Sample_Capstone_Output_Data_1984.txt,1,,,,,,,,
Sample_Capstone_Output_Data_1985.txt,0,,,,,,,,
Sample_Capstone_Output_Data_1986.txt,0,,,,,,,,
Sample_Capstone_Output_Data_1987.txt,1,,,,,,,,
Sample_Capstone_Output_Data_1988.txt,1,,,,,,,,
Sample_Capstone_Output_Data_1989.txt,0,,,,,,,,
Sample_Capstone_Output_Data_1990.txt,0,,,,,,,,
Sample_Capstone_Output_Data_1991.txt,1,,,,,,,,
Sample_Capstone_Output_Data_1992.txt,1,,,,,,,,
Sample_Capstone_Output_Data_1993.txt,0,,,,,,,,
Sample_Capstone_Output_Data_1994.txt,0,,,,,,,,
Sample_Capstone_Output_Data_1995.txt,1,,,,,,,,
Sample_Capstone_Output_Data_1996.txt,1,,,,,,,,
Sample_Capstone_Output_Data_1997.txt,0,,,,,,,,
Sample_Capstone_Output_Data_1998.txt,0,,,,,,,,
Sample_Capstone_Output_Data_1999.txt,1,,,,,,,,
Sample_Capstone_Output_Data_2000.txt,1,,,,,,,,
Sample_Capstone_Output_Data_2001.txt,0,,,,,,,,
Sample_Capstone_Output_Data_2002.txt,0,,,,,,,,
Sample_Capstone_Output_Data_2003.txt,1,,,,,,,,
Sample_Capstone_Output_Data_2004.txt,1,,,,,,,,
Sample_Capstone_Output_Data_2005.txt,0,,,,,,,,
Sample_Capstone_Output_Data_2006.txt,0,,,,,,,,
Sample_Capstone_Output_Data_2007.txt,1,,,,,,,,
Sample_Capstone_Output_Data_2008.txt,1,,,,,,,,
Sample_Capstone_Output_Data_2009.txt,0,,,,,,,,
Sample_Capstone_Output_Data_2010.txt,0,,,,,,,,
Sample_Capstone_Output_Data_2011.txt,1,,,,,,,,
Sample_Capstone_Output_Data_2012.txt,1,,,,,,,,
Sample_Capstone_Output_Data_2013.txt,0,,,,,,,,
Sample_Capstone_Output_Data_2014.txt,0,,,,,,,,
Sample_Capstone_Output_Data_2015.txt,1,,,,,,,,
Sample_Capstone_Output_Data_2016.txt,1,,,,,,,,
